key_base64	source_base64	official_english_base64	translation_base64
anBu	5pel5pys6Kqe		7J2867O47Ja0
ZWxhcmE=	44Ko44Op44Op	RWxhcmE=	7JeY65286528
em9l	44K+44O844Kk	Wm9l	7KGw7J20
a2F0cmluYQ==	44Kr44OI44Oq44O844OK	S2F0cmluYQ==	7Lm07Yq466as64KY
d2FsdGVy	44Km44Kp44Or44K/44O8	V2FsdGVy	7JuU7YSw
bGlhbQ==	44Oq44Ki44Og	TGlhbQ==	66as7JWU
c2FuYQ==	44K144OK	U2FuYQ==	7IKs64KY
bm9yYQ==	44OO44O844Op	Tm9yYQ==	64W46528
a2F5YQ==	44Kr44Ok	S2F5YQ==	7Lm07JW8
a3VzaGFuYQ==	44Kv44K344Oj44OK	S3VzaGFuYQ==	7L+g7IOk64KY
aXZhbg==	44Kk44O044Kh44Oz	SXZhbg==	7J2067CY
bGFycnk=	44Op44Oq44O8	TGFycnk=	656Y66as
Y2hlc2Nh	44OB44Kn44K544Kr	Q2hlc2Nh	7LK07Iqk7Lm0
bmVyaXNzYQ==	44ON44Oq44OD44K1	TmVyaXNzYQ==	64Sk66as7IKs
ZmF0aGVy	54i2	RmF0aGVy	7JWE67KE7KeA
bW90aGVy	5q+N	TW90aGVy	7Ja066i464uI
c29u	5oGv5a2Q	U29u	7JWE65Ok
ZGF1Z2h0ZXI=	5aiY	RGF1Z2h0ZXI=	65S4
Z3JhbmRmYXRoZXI=	56WW54i2	R3JhbmRmYXRoZXI=	7ZWg7JWE67KE7KeA
Z3JhbmRtb3RoZXI=	56WW5q+N	R3JhbmRtb3RoZXI=	7ZWg66i464uI
bWFu	55S35oCn	TWFu	64Ko7ISx
d29tYW4=	5aWz5oCn	V29tYW4=	7Jes7ISx
Ym95	5bCR5bm0	Qm95	7IaM64WE
Z2lybA==	5bCR5aWz	R2lybA==	7IaM64WA
b2xkbWFu	6ICB5Lq6	T2xkIE1hbg==	64W47J24
b2xkd29tYW4=	6ICB5amG	T2xkIFdvbWFu	64W47YyM
ZG9jdG9y	5Yy75bir	RG9jdG9y	7J2Y7IKs
cGFyc29uLTE=	5LiA5Lq6	T25lIFBlcnNvbg==	7ZWcIOuqhQ==
cGFyc29uLTI=	5LqM5Lq6	VHdvIFBlb3BsZQ==	65GQIOuqhQ==
cGFyc29uLTM=	5LiJ5Lq6	VGhlIHRocmVlIGdpcmxzJyBvciAnRWxhcmEsIFpvZSwgYW5kIEthdHJpbmEn	7IS4IOuqhQ==
cGFyc29uLTQ=	5Zub5Lq6	Rm91ciBQZW9wbGU=	64SkIOuqhQ==
cGFyc29uLTU=	5LqU5Lq6	Rml2ZSBQZW9wbGU=	64uk7ISvIOuqhQ==
c2xlZXBpbmVzcw==	5oSP6K2Y	Vmlnb3I=	7J2Y7Iud
aGFwcGluZXNz	5bm456aP	U2F0aXNmYWN0aW9u	7ZaJ67O1
ZmVhcmZ1bG5lc3M=	5oGQ5oCW	RmVhcg==	6rO17Y+s
c2FkbmVzcw==	5oKy5ZOA	U2FkbmVzcw==	67mE7JWg
Z29sZC1rZXk=	6YeR44Gu6Y21	R29sZGVuIEtleQ==	6riIIOyXtOyHoA==
c2lsdmVyLWtleQ==	6YqA44Gu6Y21	U2lsdmVyIEtleQ==	7J2AIOyXtOyHoA==
YnJvbnplLWtleQ==	6YqF44Gu6Y21	QnJvbnplIEtleQ==	64+ZIOyXtOyHoA==
Ymx1ZS1rZXk=	6Z2S44Gu6Y21	Qmx1ZSBLZXk=	7YyM656AIOyXtOyHoA==
eWVsbG93LWtleQ==	6buE6Imy44Gu6Y21	WWVsbG93IEtleQ==	64W4656AIOyXtOyHoA==
cmVkLWtleQ==	6LWk44Gu6Y21	UmVkIEtleQ==	67mo6rCEIOyXtOyHoA==
Z3JlZW4ta2V5	57eR44Gu6Y21	R3JlZW4gS2V5	7LSI66GdIOyXtOyHoA==
YmxhY2sta2V5	6buS44Gu6Y21	QmxhY2sgS2V5	6rKA7J2AIOyXtOyHoA==
d2hpbHRlLWtleQ==	55m944Gu6Y21	V2hpdGUgS2V5	7Z2wIOyXtOyHoA==
bWVtb3J5LWtleQ==	6KiY5oa244Gu6Y21	TWVtb3J5IEtleQ==	6riw7Ja17J2YIOyXtOyHoA==
bGV2ZWwtZ3JlZW5ob3VzZQ==	5qSN54mp5ZyS	R3JlZW5ob3VzZQ==	7Iud66y87JuQ
bGV2ZWwtY2xhc3Nyb29t	5pWZ5a6k	Q2xhc3Nyb29t	6rWQ7Iuk
bGV2ZWwtd2VzdGVybg==	5rSL5a6k	T2xkLWZhc2hpb25lZCBSb29t	7ISc7JaR7IudIOuwqQ==
bGV2ZWwtbGF1bmRyeQ==	44Kz44Kk44Oz44Op44Oz44OJ44Oq44O8	Q29pbiBMYXVuZHJ5	7L2U7J24IOyEuO2DgeuwqQ==
bGV2ZWwta2lkc3Jvb20=	5a2Q5L6b6YOo5bGL	Q2hpbGRyZW4ncyBSb29t	7JWE7J20IOuwqQ==
bGV2ZWwtdHJhaW4=	6Zu76LuK	VHJhaW4=	7KCE7LKg
bGV2ZWwtY2FmZQ==	5Zar6Iy25bqX	Q2Fmw6k=	7LC77KeR
bGV2ZWwtbXVzZXVt	5Y2a54mp6aSo	TXVzZXVt	67CV66y86rSA
bGV2ZWwtY29uZmVyZW5jZXJvb20=	5Lya6K2w5a6k	Q291bmNpbCBSb29t	7ZqM7J2Y7Iuk
bGV2ZWwtYXBhcnRtZW50LWNvcnJpZG9y	5buK5LiL	SGFsbHdheQ==	67O164+E
bGV2ZWwtYXBhcnRtZW50LXJvb20=	5pu45paO	U3R1ZHk=	7ISc7J6s
bGV2ZWwtaG9zcGl0YWw=	55eF6Zmi	SG9zcGl0YWw=	67OR7JuQ
bGV2ZWwtc3BhY2VzaGlwLWhhbGw=	44Kz44O844Or44OJ44K544Oq44O844OX5a6k	Q3J5b3NsZWVwIEhhbGw=	64OJ64+ZIOyImOuptOyLpA==
bGV2ZWwtc3BhY2VzaGlwLWNvcnJpZG9y	6YCa6Lev44Oi44K444Ol44O844Or	Q29ycmlkb3IgTW9kdWxl	7Ya166GcIOuqqOuTiA==
bGV2ZWwtc3BhY2VzaGlwLWJyaWRnZQ==	5pON57im5a6k	U2hpcCBCcmlkZ2U=	7KGw7KKF7Iuk
aXRlbS1oZWxtZXQ=	44OY44Or44Oh44OD44OI	SGVsbWV0	7Zes66mn
aXRlbS1ib29r	44OP44O844OJ44Kr44OQ44O844Gu5pys	SGFyZGNvdmVyIEJvb2s=	7JaR7J6l67O4
aXRlbS1zZWVk	5qSN54mp44Gu56iu	UGxhbnQgc2VlZHM=	7Iud66y8IOyUqOyVlw==
aXRlbS1zeXJpbmdl	5rOo5bCE5Zmo	U3lyaW5nZQ==	7KO87IKs6riw
aXRlbS13YXRjaA==	6IWV5pmC6KiI	V3Jpc3R3YXRjaA==	7IaQ66qp7Iuc6rOE
aXRlbS1kb2xs	5Lq65b2i	RG9sbA==	7J247ZiV
aXRlbS1jb2ZmZWU=	44Kz44O844OS44O8	Q29mZmVl	7Luk7ZS8
aXRlbS1tYXNr	44Ks44K544Oe44K544Kv	UmVzcGlyYXRvcg==	67Cp64+F66m0
aXRlbS1hdWRpbw==	44Os44Kz44O844OA44O8	UmVjb3JkZXI=	64W57J2M6riw
aXRlbS1waXN0b2w=	5ouz6YqD	R3Vu	6raM7LSd
aXRlbS1jb21wdXR1cmU=	5bCP5Z6L56uv5pyr	VHJhbnNtaXNzaW9uIERldmljZQ==	7IaM7ZiVIOuLqOunkOq4sA==
aXRlbS1zaG92ZWw=	44K344Oj44OZ44Or	U2hvdmVs	7IK9
aXRlbS10b29sYm94	5bel5YW3566x	VG9vbGJveA==	6rO16rWs7ZWo
aXRlbS1jYW1lcmE=	44Kr44Oh44Op	Q2FtZXJh	7Lm066mU6528
aXRlbS1pZGNhcmQ=	SUTjgqvjg7zjg4k=	SS5ELiBDYXJk	SUQg7Lm065Oc
dG9rZW4tZG9udXQ=	44OJ44O844OK44OE	RG9udXQ=	64+E64Sb
dG9rZW4tY2xlYW5lcg==	5riF5o6D44Ot44Oc44OD44OI	Q2xlYW5pbmcgUm9ib3Q=	7LKt7IaMIOuhnOu0hw==
dG9rZW4tZWF0	6aOf5LqL	Rm9vZA==	7Iud7IKs
dG9rZW4tYm9keQ==	6IKJ5L2T	Qm9kaWVz	7Jyh7LK0
dG9rZW4tZWFydGg=	5Zyw55CD	RWFydGg=	7KeA6rWs
dG9rZW4tc2VwYXJhdGlvbg==	6Zui5Yil	U2VwYXJhdGlvbg==	7J2067OE
dG9rZW4tY3VsdHVyZQ==	5paH5YyW	Q3VsdHVyZQ==	66y47ZmU
dG9rZW4tY2hhbmdl	5aSJ5YyW	Q2hhbmdl	67OA7ZmU
dG9rZW4tZnJpZW5k	5Y+L6YGU	RnJpZW5kcw==	7Lmc6rWs
dG9rZW4tc2Nob29s	5a2m5qCh	U2Nob29s	7ZWZ6rWQ
dG9rZW4tYmFjdGVyaWE=	57Sw6I+M	QmFjdGVyaWE=	7IS46reg
dG9rZW4tdmFjY2luZQ==	44Ov44Kv44OB44Oz	VmFjY2luZXM=	67Cx7Iug
dG9rZW4tY2x1c3Rlcg==	44Kv44Op44K544K/44O8	Q2x1c3Rlcg==	7YG065+s7Iqk7YSw
dG9rZW4tc3Vic3BhY2U=	5Lqc56m66ZaT	RGltZW5zaW9uYWwgUG9ja2V0	7JWE6rO16rCE
dG9rZW4tZGlzY29yZA==	5LiN5ZKM	RGlzY29yZA==	67aI7ZmU
dG9rZW4tZ3JhbmRtb3RoZXI=	56WW5q+N	R3JhbmRtb3RoZXI=	7ZWg66i464uI
dG9rZW4tcmVzb3VyY2U=	6LOH5rqQ	UmVzb3VyY2Vz	7J6Q7JuQ
dG9rZW4tZGVuc2l0eQ==	5a+G5bqm	RGVuc2l0eQ==	67CA64+E
dG9rZW4tZ2FyZGVuaW5n	5ZyS6Iq4	R2FyZGVuaW5n	7JuQ7JiI
dG9rZW4tcmVzcG9uc2liaWxpdHk=	6LKs5Lu7	UmVzcG9uc2liaWxpdHk=	7LGF7J6E
dG9rZW4tY29sZC1zbGVlcA==	5Ya35YeN552h55yg	Q3J5b3NsZWVw	64OJ64+ZIOyImOuptA==
dG9rZW4tdGVycm9yaXN0	44OG44Ot44Oq44K544OI	VGVycm9yaXN0	7YWM65+s66as7Iqk7Yq4
dG9rZW4tY3JvY2s=	5buD5Lq6	RHJvbmVz	7Y+Q7J24
dG9rZW4tYmxvb2Q=	6KGA	Qmxvb2Q=	7ZS8
dG9rZW4taG9zcGl0YWw=	55eF6Zmi	SG9zcGl0YWw=	67OR7JuQ
dG9rZW4tbGlnaHQ=	5YWJ	TGlnaHQ=	67mb
dG9rZW4tcG9sbHV0aW9u	5rGa5p+T	UG9sbHV0aW9u	7Jik7Je8
dG9rZW4tam9i	5LuV5LqL	V29yaw==	7J28
dG9rZW4ta2F5YQ==	44Kr44Ok	S2F5YQ==	7Lm07JW8
dG9rZW4tYWdpbmc=	6ICB5py95YyW	RGV0ZXJpb3JhdGU=	64W47ZuE7ZmU
dG9rZW4tZG9tZQ==	44OJ44O844Og	RG9tZQ==	64+U
dG9rZW4tZGVhdGg=	5q27	RGVhdGg=	7KO97J2M
dG9rZW4tdHJhbnNsYXRpb24=	57+76Kiz	VHJhbnNsYXRpb24=	67KI7Jet
dG9rZW4ta3VzaGFuYQ==	44Kv44K344Oj44OK	S3VzaGFuYQ==	7L+g7IOk64KY
dG9rZW4tbWluaXN0cnk=	5pif5bqB	UGxhbmV0YXJ5IFBhbGFjZQ==	7ISx7LKt
dG9rZW4ta2lzcw==	5Y+j44Gl44GR	S2lzcw==	7J6F66ee7Lak
dG9rZW4tcGxhbnQ=	5qSN54mp	UGxhbnQgc2VlZHM=	7Iud66y8
dG9rZW4tYWRhcHRhdGlvbg==	6YGp5b+c5Yem572u	QWRhcHRhdGlvbiBQcm9jZWR1cmU=	7KCB7J2RIOyymOy5mA==
dG9rZW4tbWFzaw==	44Oe44K544Kv	TWFzaw==	66eI7Iqk7YGs
dG9rZW4tc3lyaW5nZQ==	5rOo5bCE5Zmo	U3lyaW5nZQ==	7KO87IKs6riw
dG9rZW4tZGlzZ3VzdA==	5auM5oKq	SGF0ZQ==	7ZiQ7Jik
dG9rZW4tcGhvdG8=	5YaZ55yf	UGhvdG9ncmFwaA==	7IKs7KeE
dG9rZW4tZmFjZQ==	6aGU	RmFjZQ==	7Ja86rW0
dG9rZW4taW1taWdyYXRpb24=	56e75rCR	SW1taWdyYW50	7J2066+87J6Q
dG9rZW4tZW1pZ3JhdGlvbg==	56e75L2P	TW92ZSBpbg==	7J207KO8
dG9rZW4tZnVuZXJhbA==	6JGs5YSA	RnVuZXJhbA==	7J6l66GA7Iud
dG9rZW4tbGlmZXNwYW4=	5a+/5ZG9	TGlmZSBFeHBlY3RhbmN5	7IiY66qF
dG9rZW4tZWFy	6ICz	RWFycw==	6reA
dG9rZW4tc3VyZ2VyeQ==	5omL6KGT	U3VyZ2VyeQ==	7IiY7Iig
dG9rZW4ta2lsbGluZy10aW1l	5pqH44Gk44G244GX	S2lsbGluZyB0aW1l	7Iuc6rCEIOuVjOyasOq4sA==
dG9rZW4tY2hpbGQ=	5a2Q5L6b	QmFieQ==	7JWE7J20
dG9rZW4taWRjYXJk	SUTjgqvjg7zjg4k=	SS5ELiBDYXJk	SUQg7Lm065Oc
dG9rZW4taG9tZXRvd24=	5pWF6YO3	TmF0aXZlIExhbmQ=	6rOg7Zal
dG9rZW4tc3Rhcg==	5pif	UGxhbmV0	7ZaJ7ISx
dG9rZW4tZ292ZXJuYW5jZQ==	57Wx5rK75qmf5qeL	QWRtaW5pc3RyYXRpb24=	7Ya17LmYIOq4sOq1rA==
dG9rZW4tY29uZmxpY3Q=	57Sb5LqJ	U3RyaWZl	67aE7J+B
dG9rZW4tc2lnaHQ=	6KaW57ea	R2F6ZQ==	7Iuc7ISg
dG9rZW4taXZhbg==	44Kk44O044Kh44Oz	SXZhbg==	7J2067CY
dG9rZW4tdGVycmFmb3JtaW5n	5Zyw55CD5YyW	VGVycmFmb3JtaW5n	7YWM65287Y+s67CN
dG9rZW4taGFuZA==	5omL	SGFuZA==	7IaQ
dG9rZW4tZmxvd2Vy	6Iqx55WR	RmllbGRz	6r2D67Ct
dG9rZW4tY291bnRyeXNpZGU=	55Sw6IiO	Q291bnRyeXNpZGU=	7Iuc6rOo
dG9rZW4tY29mZmVl	44Kz44O844OS44O8	Q29mZmVl	7Luk7ZS8
dG9rZW4td2VhcG9ucw==	5YW15Zmo	V2VhcG9ucw==	67OR6riw
dG9rZW4tY29va2luZw==	5paZ55CG	TWVhbA==	7JqU66as
dG9rZW4tYmlydGhkYXk=	6KqV55Sf5pel	QmlydGhkYXk=	7IOd7J28
dG9rZW4tbG92ZQ==	5oSb	TG92ZQ==	7IKs656R
dG9rZW4tcGxhY2U=	54m55Yil44Gq5aC05omA	U3BlY2lhbCBQbGFjZQ==	7Yq567OE7ZWcIOyepeyGjA==
dG9rZW4tYXJ0aWZpY2lhbA==	576p55y8	UHJvc3RoZXRpYyBFeWU=	7J2Y7JWI
dG9rZW4tdHJhaW4=	6Zu76LuK	VHJhaW4=	7KCE7LKg
dG9rZW4tdGVycm9yaXNt	44OG44Ot	VGVycm9yaXN0	7YWM65+s
dG9rZW4tc3BhY2Vwb3J0	5a6H5a6Z5riv	U3BhY2UgUG9ydA==	7Jqw7KO87ZWt
dG9rZW4tY2FwaXRhbA==	6aaW6YO9	Q2FwaXRhbA==	7IiY64+E
dG9rZW4tdGlja2V0	44OB44Kx44OD44OI	VGlja2V0	7Yuw7LyT
dG9rZW4tcHJlZ25hbmN5	5aaK5aig	UHJlZ25hbnQ=	7J6E7Iug
dG9rZW4tZmF0aGVy	54i26Kaq	RmF0aGVy	7JWE67KE7KeA
dG9rZW4tdGVybWluYWw=	57WC552A54K5	TGFzdCBTdG9w	7KKF7LCp7KCQ
dG9rZW4tZmFyZQ==	6YGL6LOD	RmFyZQ==	7Jq07J6E
dG9rZW4tY29sbGlzaW9u	5q2m5Yqb6KGd56qB	QXJtZWQgQ29uZmxpY3Q=	66y066ClIOy2qeuPjA==
dG9rZW4tbWlzc2lvbg==	5Lu75YuZ	TWlzc2lvbg==	7J6E66y0
dG9rZW4tc3B5	6Kuc5aCx5ZOh	U3B5	7KCV67O07JuQ
dG9rZW4tY2hlc2Nh	44OB44Kn44K544Kr	Q2hlc2Nh	7LK07Iqk7Lm0
dG9rZW4tbW90aGVy	5q+N6Kaq	TW90aGVy	7Ja066i464uI
dG9rZW4tc3BvdXNl	6YWN5YG26ICF	U3BvdXNl	67Cw7Jqw7J6Q
dG9rZW4tc21pbGU=	56yR6aGU	U21pbGU=	66+47IaM
dG9rZW4tc3R1ZHk=	5YuJ5by3	U3R1ZHlpbmc=	6rO167aA
dG9rZW4tZnV0dXJl	5pyq5p2l	RnV0dXJl	66+4656Y
dG9rZW4tYmV0cmF5YWw=	5a+G5ZGK	UmVwb3J0	67CA6rOg
dG9rZW4tdHJhbnF1aWxpdHk=	5a6J5a+n	VHJhbnF1aWxpdHk=	7JWI64WV
dG9rZW4tcG90	6Ymi5qSN44GI	UG90dGluZw==	7ZmU67aE
dG9rZW4tYW11c2VtZW50LXBhcms=	6YGK5ZyS5Zyw	VGhlbWUgUGFyaw==	64aA7J206rO17JuQ
dG9rZW4tY2hpbWU=	44OB44Oj44Kk44Og	RG9vcmJlbGw=	7LSI7J247KKF
dG9rZW4tY3J5cHRvZ3JhcGh5	5pqX5Y+3	RW5jcnlwdGVk	7JWU7Zi4
dG9rZW4taHVtaWxpYXRpb24=	5bGI6L6x	SHVtaWxpYXRpb24=	6rW07JqV
dG9rZW4tcmFpbg==	6Zuo	UmFpbg==	67mE
dG9rZW4tdGFpbGluZw==	5bC+6KGM	VGFpbGluZw==	66+47ZaJ
dG9rZW4tZmlyZQ==	54KO	RmlyZQ==	67aI6ri4
dG9rZW4tZmlyaW5n	55m656Cy	R3Vuc2hvdA==	67Cc7Y+s
dG9rZW4tbmlnaHRtYXJl	5oKq5aSi	TmlnaHRtYXJl	7JWF66q9
dG9rZW4tbGlmZQ==	5ZG9	TGlmZQ==	66qp7Iio
dG9rZW4tcHVuaXNobWVudA==	572w	UHVuaXNobWVudA==	67KM
dG9rZW4ta2V5	6Y21	S2V5	7Je07Ieg
dG9rZW4tdHJlYXRtZW50	5rK755mC	VGhlcmFweQ==	7LmY66OM
dG9rZW4tZmFrZQ==	5YG954mp	Q291bnRlcmZlaXQ=	6rCA7Kec
dG9rZW4tc3BhY2VzaGlw	5a6H5a6Z6Ii5	U3BhY2VzaGlw	7Jqw7KO87ISg
dG9rZW4tZmFpbHVyZQ==	5pWF6Zqc	RmFpbHVyZQ==	6rOg7J6l
dG9rZW4tbmVyaXNzYQ==	44ON44Oq44OD44K1	TmVyaXNzYQ==	64Sk66as7IKs
dG9rZW4tc2FkbmVzcw==	5oaC44GE	U2FkbmVzcw==	6re87Ius
dG9rZW4tZGlzY29udGludWF0aW9u	5pat57W2	R2Fw	64uo7KCI
dG9rZW4tc3BhY2U=	5a6H5a6Z	U3BhY2U=	7Jqw7KO8
dG9rZW4tb2xkd29tYW4=	6ICB5amG	T2xkIFdvbWFu	64W47YyM
dG9rZW4tY29ja3BpdA==	44Kz44OD44Kv44OU44OD44OI	Q29ja3BpdA==	7KGw7KKF7ISd
dG9rZW4tZGVzdGluYXRpb24=	55uu55qE5Zyw	RGVzdGluYXRpb24=	66qp7KCB7KeA
dG9rZW4td2FzaGluZw==	5rSX5r+v	TGF1bmRyeQ==	7IS47YOB
dG9rZW4tcHJvbWlzZQ==	57SE5p2f	UHJvbWlzZQ==	7JW97IaN
dG9rZW4tZGlzZWFzZQ==	55eF	SWxsbmVzcw==	67OR
dG9rZW4tcGVyc29uYWw=	56eB5oOF	UGVyc29uYWwgTWF0dGVycw==	7IKs7KCB7J24IOqwkOyglQ==
dG9rZW4tb21uaWJ1cw==	5LmX44KK5ZCI44GE44OQ44K5	U2hhcmVkIEJ1cw==	7ZWp7Iq5IOuyhOyKpA==
dG9rZW4tc2F0ZWxsaXRl	6Z2Z5q2i6KGb5pif	U2F0ZWxsaXRl	7KCV7KeAIOychOyEsQ==
dG9rZW4tbGlnaHRzcGVlZA==	5YWJ44Gu6YCf44GV	U3BlZWQgb2YgTGlnaHQ=	67mb7J2YIOyGjeuPhA==
dG9rZW4tc2FmZXR5	5a6J5YWo6KOF572u	U2FmZXR5IE1lY2hhbmlzbQ==	7JWI7KCE7J6l7LmY
dG9rZW4tZHJlYW0=	5aSi	RHJlYW0=	6r+I
dG9rZW4tc3BlY2llcw==	56iu5peP	UmFjZQ==	7KKF7KGx
dG9rZW4tbWVtb3J5	6KiY5oa2	TWVtb3J5	6riw7Ja1
dG9rZW4tYWNjaWRlbnQ=	5LqL5pWF	QWNjaWRlbnQ=	7IKs6rOg
dG9rZW4ta2VlcG91dA==	56uL44Gh5YWl44KK56aB5q2i	Rm9yYmlkZGVu	7Lac7J6FIOq4iOyngA==
dG9rZW4tbXV0dGVyaW5n	5LiW6L+36KiA	Tm9uc2Vuc2U=	7Zeb7IaM66as
dG9rZW4tZmFrZS1tZW1vcnk=	5YG944Gu6KiY5oa2	RmFrZSBNZW1vcmllcw==	6rCA7KecIOq4sOyWtQ==
dG9rZW4taW52ZXN0aWdhdG9y	5o2c5p+75a6Y	SW52ZXN0aWdhdG9y	7IiY7IKs6rSA
dG9rZW4tYnJhaW4=	6ISz	QnJhaW4=	64eM
dGlsZS1saXN0	5omA5oyB5Zug5a2Q	RmlnbWVudHMgT3duZWQ=	67O07JygIOyduOyekA==
dGlsZS1ob3VzZQ==	5Zug5a2Q44K544OI44Os44O844K4	RmlnbWVudCBTdG9yYWdl	7J247J6QIOuztOq0gO2VqA==
dGlsZS1sb2NrZWQ=	77yI5Zug5a2Q44K544OI44Os44O844K444Gr56e744GZ44GT44Go44GM44Gn44GN44G+44Gb44KT77yJ	KENhbm5vdCBiZSBwdXQgaW50byBGaWdtZW50IFN0b3JhZ2Up	KOyduOyekCDrs7TqtIDtlajsnLzroZwg7Jiu6ri4IOyImCDsl4bsirXri4jri6Qp
dGlsZS1uYW1l	5Zug5a2Q44CMezB944CN	RmlnbWVudCAiezB9Ig==	7J247J6QIOOAjHswfeOAjQ==
dGlsZS1kZXNjcmlwdGlvbg==	5omJ44KS6ZaL44GP6Zqb44CB5Zug5a2Q44GMMeOBpOaKvemBuOOBleOCjOOAgeWKueaenOOBjOeZuuWLleOBl+OBvuOBmeOAgg==	V2hlbiB5b3Ugb3BlbiBhIGRvb3IsIGEgRmlnbWVudCBpcyByYW5kb21seSBzZWxlY3RlZCBhbmQgaXRzIGVmZmVjdHMgYWN0aXZhdGVkLg==	66y47J2EIOyXtCDrlYwg67O07Jyg7ZWcIOyduOyekCDspJEg7ZWY64KY6rCAIOustOyekeychOuhnCDshKDtg53rkJjslrQg7Zqo6rO86rCAIOuwnOuPme2VqeuLiOuLpC4=
dGlsZS1lbXB0eQ==	5Yq55p6c44Gq44GX	Tm8gZWZmZWN0	7Zqo6rO8IOyXhuydjA==
dGlsZS1sZXZlbA==	44CMezB944CN44Gr5o6l57aa	Q29ubmVjdHMgdG8gInswfSI=	44CMezB944CN7JeQIOyXsOqysA==
dGlsZS1pdGVt	44CMezB944CN44GM5Ye654++	InswfSIgYXBwZWFycw==	44CMezB944CNIOy2nO2YhA==
dGlsZS1zbGVlcGluZXNz	5oSP6K2YIHswfQ==	Vmlnb3IgezB9	7J2Y7IudIHswfQ==
dGlsZS1rZXk=	44CMezB944CN44KS5YWl5omL	T2J0YWluICJ7MH0i	44CMezB944CNIO2ajeuTnQ==
dGlsZS1pbnZlbnRvcnktY2FwYWNpdHk=	44Ki44Kk44OG44Og5omA5oyB5LiK6ZmQICt7MH0=	SW52ZW50b3J5IFNpemUgKyB7MH0=	7JWE7J207YWcIOyGjOyngCDtlZzrj4QgK3swfQ==
dGlsZS1tZW1vcnktaXRlbQ==	6KiY5oa26Zai5L+C44Ki44Kk44OG44Og6ZaL56S6	UmV2ZWFsIE1lbW9yeSBJdGVt	6riw7Ja1IOq0gOugqCDslYTsnbTthZwg6rO16rCc
dGlsZS1tZW1vcnktaXRlbS1kZXNjcmlwdGlvbg==	6KiY5oa244K544Od44OD44OI44Gr6Zai5L+C44GZ44KL44Ki44Kk44OG44Og44KS6ZaL56S644GX44G+44GZ	UmV2ZWFscyBhbiBpdGVtIHJlbGF0ZWQgdG8gYSBtZW1vcnktd2F0Y2hpbmcgc3BvdC4=	6riw7Ja1IOyKpO2Pv+qzvCDqtIDroKjrkJwg7JWE7J207YWc7J2EIOqzteqwnO2VqeuLiOuLpA==
dGlsZS11bmxvY2s=	6ZaL6Yyg	VW5sb2Nr	7J6g6riIIO2VtOygnA==
dGlsZS11bmxvY2stZGVzY3JpcHRpb24=	44GZ44G544Gm44Gu6YOo5bGL44Gu6Y2144KS6ZaL6Yyg44GX44G+44GZ	VW5sb2NrcyBhbGwgb2YgdGhlIGRvb3JzLg==	66qo65OgIOuwqeydmCDsnqDquIjsnYQg7ZW07KCc7ZWp64uI64uk
dGFiLXRpbGU=	5Zug5a2Q	RmlnbWVudHM=	7J247J6Q
dGFiLXRva2Vu	44Kt44O844Ov44O844OJ	S2V5d29yZHM=	7YKk7JuM65Oc
dGFiLWNoYXJhY3Rlcg==	5Lq654mp	UGVvcGxl	7J2466y8
dGFiLW1lbW9yeQ==	6KiY5oa244Gu5pat54mH	TWVtb3J5IEZyYWdtZW50cw==	6riw7Ja17J2YIOyhsOqwgQ==
dGFiLWl0ZW0=	44Ki44Kk44OG44Og	SXRlbXM=	7JWE7J207YWc
dGFiLW9wdGlvbg==	44Kq44OX44K344On44Oz	U2V0dGluZ3M=	7Ji17IWY
aW52ZW50b3J5LWZ1bGw=	44GT44KM5Lul5LiK5oyB44Gm44Gq44GE	WW91IGNhbid0IGJyaW5nIGFueSBtb3JlIHdpdGggeW91Lg==	642UIOydtOyDgSDrk6Qg7IiYIOyXhuyKteuLiOuLpA==
aW52ZW50b3J5LWVtcHR5	WyDnqbrmrIQgXQ==	WyBFTVBUWSBd	WyDruYjsubggXQ==
aW52ZW50b3J5LXNsZWVw	5LiA5pel44KS57WC44GI44KL	RW5kIERheQ==	7ZWY66OoIOuBneuCtOq4sA==
aW52ZW50b3J5LXRpbGU=	5omA5oyB5Zug5a2Q5LiA6Kan	RmlnbWVudCBMaXN0	67O07JygIOyduOyekCDrqqnroZ0=
aW52ZW50b3J5LXRleHRsb2c=	44OG44Kt44K544OI44Ot44Kw	VGV4dCBIaXN0b3J5	7YWN7Iqk7Yq4IOuhnOq3uA==
aW52ZW50b3J5LXRyYXNo	5o2o44Gm44KL	VGhyb3cgQXdheQ==	67KE66as6riw
YWNjZXNzLWZpbmQ=	ezB9IOOCkuaLvuOBhg==	UGljayB1cCAiezB9Ig==	ezB9IOykjeq4sA==
YWNjZXNzLXB1dA==	ezB9IOOCkue9ruOBjw==	UHV0ICJ7MH0iIGRvd24=	ezB9IOuCtOugpOuGk+q4sA==
YWNjZXNzLXRhbGs=	6Kmx44GZ	VGFsaw==	66eQ7ZWY6riw
YWNjZXNzLXRhbGstcHJvZ3Jlc3M=	6Kmx44GZIC0g44K544OI44O844Oq44O86YCy6KGM	VGFsayAtIEFkdmFuY2UgU3Rvcnk=	66eQ7ZWY6riwIC0g7Iqk7Yag66asIOynhO2WiQ==
YWNjZXNzLXJlbWVtYmVy	6KiY5oa244KS5YaN55Sf	UGxheSBNZW1vcnk=	6riw7Ja1IOyerOyDnQ==
YWNjZXNzLXNpdA==	5bqn44KL	U2l0IERvd24=	7JWJ6riw
YWNjZXNzLXN0YW5k	56uL44Gh5LiK44GM44KL	U3RhbmQgVXA=	7J287Ja07ISc6riw
YWNjZXNzLW9wZW4=	6ZaL44GR44KLIC0gezB9	T3BlbiAtIHswfQ==	7Je06riwIC0gezB9
YWNjZXNzLW9wZW4tcGFzc2Vk	6ZaL44GR44KLIC0gezB9IC0g6YCa6YGO5riI44G/	T3BlbiAtIHswfSAoQWxyZWFkeSBQYXNzZWQp	7Je06riwIC0gezB9IC0g7Ya16rO8IOyZhOujjA==
YWNjZXNzLWNsb3NlZA==	44GT44Gu5omJ44Gv6ZaL44GL44Gq44GE	WW91IGNhbid0IG9wZW4gdGhpcyBkb29yLg==	7J20IOusuOydgCDsl7Trpqzsp4Ag7JWK64qU64uk
YWNjZXNzLWxvY2tlZC1hbm9tYWx5	5LuK44Gv6ZaL44GR44KL44GT44Go44GM44Gn44GN44Gq44GE	WW91IGNhbid0IG9wZW4gdGhpcyByaWdodCBub3cu	7KeA6riI7J2AIOyXtCDsiJgg7JeG64uk
YWNjZXNzLWxvY2tlZC1tZW1vcnk=	5LuK44Gv5YaN55Sf44Gn44GN44Gq44GE	WW91IGNhbid0IHBsYXkgdGhpcyBub3cu	7KeA6riI7J2AIOyerOyDne2VoCDsiJgg7JeG64uk
YWNjZXNzLXVzZQ==	5L2/44GG	VXNl	7IKs7Jqp7ZWY6riw
YWNjZXNzLWRldGVybWluZQ==	6KiY5oa244Gr44Gk44GE44Gm6Kmx44GZ	VGFsayBhYm91dCB0aGUgbWVtb3J5	6riw7Ja17JeQIOuMgO2VtCDsnbTslbzquLDtlZjquLA=
YWNjZXNzLXNlYXJjaA==	6Kq/44G544KL	RXhhbWluZQ==	7KGw7IKs7ZWY6riw
YWNjZXNzLWluZm8tbWVtb3J5	6KiY5oa244Gu5pat54mH44CMezB944CN	TWVtb3J5IEZyYWdtZW50ICJ7MH0i	6riw7Ja17J2YIOyhsOqwgeOAjHswfeOAjQ==
YWNjZXNzLWluZm8tbWVtb3J5LWNvbXBsZXRlZA==	5YaN55Sf5riI44G/IC0gezB9	UGxheWVkIC0gezB9	7J6s7IOdIOyZhOujjCAtIHswfQ==
YWNjZXNzLWluZm8tbWVtb3J5LWRpc2Nsb3NlZA==	6Zai5L+C44Ki44Kk44OG44OgIDogezB9	UmVsYXRlZCBpdGVtOiB7MH0=	6rSA66CoIOyVhOydtO2FnCA6IHswfQ==
YWNjZXNzLWluZm8tYm9udXM=	56K65a6a44Oc44O844OK44K5IC0gezB9	Q29uZmlybWVkIEJvbnVzIC0gezB9	7ZmV7KCVIOuztOuEiOyKpCAtIHswfQ==
YWNjZXNzLWluZm8tbm8tbWVtb3J5	5oCd44GE5Ye644Gb44KL6KiY5oa244GM44Gq44GE	VGhlcmUgYXJlIG5vIG1lbW9yaWVzIHRvIHNlZS4=	65ag7Jis66a0IOyImCDsnojripQg6riw7Ja17J20IOyXhuuLpA==
YWNjZXNzLWluZm8taXRlbS1mYWlsZWQ=	44GT44Gu6KiY5oa244Go44Gv6Zai5L+C44GM44Gq44GE	VGhpcyBoYXMgbm90aGluZyB0byBkbyB3aXRoIHRoaXMgbWVtb3J5Lg==	7J20IOq4sOyWteqzvOuKlCDqtIDqs4TqsIAg7JeG64uk
YWNjZXNzLWluZm8taXRlbS12YWxpZA==	5omA5oyB44Ki44Kk44OG44Og44Gu44Gp44KM44GL44GM6KiY5oa244Go6Zai5L+C	WW91IGhhdmUgYW4gaXRlbSByZWxhdGVkIHRvIHRoaXMgbWVtb3J5Lg==	67O07JygIOyVhOydtO2FnCDspJEg7ZWY64KY6rCAIOq4sOyWteqzvCDqtIDroKjrkJjslrQg7J6I64uk
YWNjZXNzLWluZm8taXRlbS1jb3VudA==	5omA5oyB5pWwIDogezB9	Rm91bmQ6IHswfQ==	67O07JygIOyImCA6IHswfQ==
YWNjZXNzLWluZm8tcHJvZ3Jlc3M=	44K544OI44O844Oq44O86YCy6KGM	UHJvZ3Jlc3MgU3Rvcnk=	7Iqk7Yag66asIOynhO2WiQ==
c2VsZWN0aW9uLWl0ZW0tbmVlZA==	ezB9IOOBjOW/heimgQ==	WW91IG5lZWQgInswfSI=	ezB9IO2VhOyalA==
c2VsZWN0aW9uLWl0ZW0tdXNl	ezB9IOOCkua2iOiyuw==	VXNlICJ7MH0i	ezB9IOyGjOu5hA==
c2VsZWN0aW9uLXBhcmFtLW5lZWQ=	ezB9IOOBjCB7MX0g5b+F6KaB	WW91IG5lZWQgInswfSIgeCB7MX0=	ezB9IHsxfeqwnCDtlYTsmpQ=
c2VsZWN0aW9uLXBhcmFtLXVzZQ==	ezB9IOOCkiB7MX0g5raI6LK7	VXNlICJ7MH0iIHggezF9	ezB9IHsxfeqwnCDshozruYQ=
c2VsZWN0aW9uLXRva2VuLW5lZWQ=	ezB9IOOBjOW/heimgQ==	WW91IG5lZWQgInswfSI=	ezB9IO2VhOyalA==
c2VsZWN0aW9uLXRva2VuLXVzZQ==	ezB9IOOCkua2iOiyuw==	VXNlICJ7MH0i	ezB9IOyGjOu5hA==
Y29uZGl0aW9uLW1lbW9yeS1jb3VudA==	5YaN55Sf44GX44Gf6KiY5oa2IHswfSAvIHsxfSA=	UGxheWVkIE1lbW9yaWVzIHswfS97MX0=	7J6s7IOd7ZWcIOq4sOyWtSB7MH0gLyB7MX0g
Y29uZGl0aW9uLW1lbW9yeS1jb21wbGV0ZWQ=	6KiY5oa244Gu5pat54mH44CMezB944CN44KS6KaL44KL	V2F0Y2ggTWVtb3J5IEZyYWdtZW50ICJ7MH0i	6riw7Ja17J2YIOyhsOqwgeOAjHswfeOAjSDrs7TquLA=
Y29uZGl0aW9uLWZsb29yLWluZGV4	RkxPT1IgezB9IOOBq+WIsOmBlOOBmeOCi++8iOePvuWcqCA6IHsxfe+8iQ==	UmVhY2ggZmxvb3IgezB9IChDdXJyZW50bHkgb24gezF9KQ==	RkxPT1IgezB97JeQIOuPhOuLrO2VmOq4sCAo7ZiE7J6sIDogezF9KQ==
aW5mZXJlbmNlLWNhbmNlbA==	5oCd44GE5Ye644Gb44Gq44GE	WW91IGNhbid0IHJlbWVtYmVyLg==	6riw7Ja164KY7KeAIOyViuuKlOuLpA==
aW5mZXJlbmNlLWVycm9y	6Kqk44Gj44Gm44GE44KL44Kt44O844Ov44O844OJ44GM44GC44KK44G+44GZ	VGhlIHNlbnRlbmNlIGNvbnRhaW5zIGEgd3JvbmcgS2V5d29yZC4=	7J6Y66q765CcIO2CpOybjOuTnOqwgCDsnojsirXri4jri6Q=
aW5mZXJlbmNlLW5vLXRva2Vu	5b+F6KaB44Gq44Kt44O844Ov44O844OJ44KS5omA5oyB44GX44Gm44GE44G+44Gb44KTICggezB9IC8gezF9ICk=	WW91IGRvbid0IGhhdmUgYWxsIHRoZSBuZWNlc3NhcnkgS2V5d29yZHMuICh7MH0vezF9KQ==	7ZWE7JqU7ZWcIO2CpOybjOuTnOulvCDrs7TsnKDtlZjqs6Ag7J6I7KeAIOyViuyKteuLiOuLpCAoIHswfSAvIHsxfSAp
aW5mZXJlbmNlLWZhaWxlZA==	44GT44KM5Lul5LiK5oCd44GE5Ye644Gb44Gq44GE4oCm4oCm	WW91IGNhbid0IHJlbWVtYmVyIGFueSBtb3JlLi4u	642UIOydtOyDgSDrlqDsmKzrprQg7IiYIOyXhuuLpOKApuKApg==
aW5mZXJlbmNlLW1pc3M=	44Kt44O844Ov44O844OJ44KS6ZuG44KB44CB5q2j44GX44GE5LiA5paH44Gr44GZ44KL5b+F6KaB44GM44GC44KK44G+44GZ	WW91IG5lZWQgdG8gZmluZCB0aGUgcmlnaHQgS2V5d29yZHMgdG8gY29tcGxldGUgdGhlIHNlbnRlbmNlIGNvcnJlY3RseS4=	7YKk7JuM65Oc66W8IOuqqOyVhCDsmKzrsJTrpbgg66y47J6l7J2EIOyZhOyEse2VtOyVvCDtlanri4jri6Q=
ZGV0ZXJtaW5lLXRpdGxl	6KiY5oa244Gu5pat54mH44CMezB944CN44Gv6Kqw44Gu6KiY5oa277yf	V2hvIGRvZXMgdGhlIG1lbW9yeSBmcmFnbWVudCAiezB9IiBiZWxvbmcgdG8/	6riw7Ja17J2YIOyhsOqwgeOAjHswfeOAjeydgCDriITqtazsnZgg6riw7Ja17J286rmMPw==
ZGV0ZXJtaW5lLXN1Ym1pdA==	56K65a6a	Q29uZmlybQ==	7ZmV7KCV
ZGV0ZXJtaW5lLWNvcnJlY3Q=	6KiY5oa244Gu5pat54mH44CMezB944CN44GMPGJyPjxyZWQ+ezF9PC9yZWQ+PGJyPuOBruOCguOBruOBoOOBqOeiuuWumuOBl+OBvuOBl+OBnw==	VGhlIE1lbW9yeSBGcmFnbWVudCAiezB9Ijxicj53YXMgY29uZmlybWVkIHRvIGJlPGJyPjxyZWQ+ezF9PC9yZWQ+J3M=	6riw7Ja17J2YIOyhsOqwgeOAjHswfeOAjeydtDxicj48cmVkPnsxfTwvcmVkPjxicj7snZgg6rKD7J6E7J2EIO2Zleygle2WiOyKteuLiOuLpA==
Y2hvaWNlLXRpdGxl	44Gp44Gh44KJ44GMIDxyZWQ+ezB9PC9yZWQ+IOOBruiomOaGtu+8nw==	V2hpY2ggbWVtb3J5IGJlbG9uZ3MgdG8gPHJlZD57MH08L3JlZD4/	7Ja064qQIOyqveydtCA8cmVkPnswfTwvcmVkPuydmCDquLDslrXsnbzquYw/
Y2hvaWNlLW1lbW9yeQ==	6KiY5oa244Gu5pat54mHIOOAjHswfeOAjSA=	TWVtb3J5IEZyYWdtZW50OiAiezB9Ig==	6riw7Ja17J2YIOyhsOqwgSDjgIx7MH3jgI0g
Y2hvaWNlLXNlbGVjdA==	6YG45oqe	U2VsZWN0	7ISg7YOd
Y2hvaWNlLWNvcnJlY3Q=	6KiY5oa244Gu5pat54mH44CMezB944CN44GMPGJyPjxyZWQ+ezF9PC9yZWQ+PGJyPuOBruOCguOBruOBoOOBqOeiuuWumuOBl+OBvuOBl+OBnw==	VGhlIE1lbW9yeSBGcmFnbWVudCAiezB9Ijxicj53YXMgY29uZmlybWVkIHRvIGJlPGJyPjxyZWQ+ezF9PC9yZWQ+J3M=	6riw7Ja17J2YIOyhsOqwgeOAjHswfeOAjeydtDxicj48cmVkPnsxfTwvcmVkPjxicj7snZgg6rKD7J6E7J2EIO2Zleygle2WiOyKteuLiOuLpA==
bWVtb3J5LWNhbmNlbA==	44GT44KM5Lul5LiK5oCd44GE5Ye644Gb44Gq44GE	WW91IGNhbid0IHJlbWVtYmVyIGFueSBtb3JlLg==	642UIOydtOyDgSDrlqDsmKzrprQg7IiYIOyXhuuLpA==
bWVtb3J5LXJlYWQ=	5pei6Kqt	UmVhZA==	7J297J2M
bWVtb3J5LWdldHRpbmc=	6KiY5oa244Gu5pat54mHIOOAjHswfeOAjSDjgpLnmbropos=	Rm91bmQgYSBtZW1vcnkgZnJhZ21lbnQ6ICJ7MH0i	6riw7Ja17J2YIOyhsOqwgSDjgIx7MH3jgI0g67Cc6rKs
bWVtb3J5LW92ZXJ2aWV3	6KiY5oa244Gu5pat54mHIOS4gOimp++8iCB7MH0gLyB7MX0g77yJ	TWVtb3J5IEZyYWdtZW50IExpc3QgKHswfS97MX0p	6riw7Ja17J2YIOyhsOqwgSDrqqnroZ0gKCB7MH0gLyB7MX0gKQ==
bWVtb3J5LXVua25vd24=	5LiN5piO	VW5rbm93bg==	67aI66qF
bWVtb3J5LXVucmVzb2x2ZWQ=	44Kt44O844Ov44O844OJ5pyq6Kej5rG6	S2V5d29yZCBwYXJ0IGluY29tcGxldGU=	7YKk7JuM65OcIOuvuO2VtOqysA==
bWVtb3J5LXN1Y2Nlc3M=	6KiY5oa244Gu5YaN55Sf44Gr5oiQ5Yqf	TWVtb3J5IHBsYXllZCBzdWNjZXNzZnVsbHk=	6riw7Ja1IOyerOyDnSDshLHqs7U=
bWVtb3J5LWl0ZW0tZmFpbGVk	ezB9IC0g5aSx5pWX	ezB9IC0gRmFpbGVk	ezB9IC0g7Iuk7Yyo
Y2hlY2staXRlbS1zdWNjZXNz	6KiY5oa244Gu5YaN55Sf44Gr5oiQ5YqfIC0gezB9	TWVtb3J5IHBsYXllZCBzdWNjZXNzZnVsbHkgLSB7MH0=	6riw7Ja1IOyerOyDnSDshLHqs7UgLSB7MH0=
Y2hlY2staXRlbS1mYWlsZWQ=	44GT44KM5Lul5LiK5oCd44GE5Ye644Gb44Gq44GE4oCm4oCm	WW91IGNhbid0IHJlbWVtYmVyIGFueSBtb3JlLi4u	642UIOydtOyDgSDrlqDsmKzrprQg7IiYIOyXhuuLpOKApuKApg==
Y2hlY2staXRlbS1taXNz	44GT44Gu44Ki44Kk44OG44Og44Gv6KiY5oa244Go6Zai5L+C44Gq44GE44KI44GG44Gg	VGhpcyBpdGVtIHNlZW1zIHRvIGJlIHVucmVsYXRlZCB0byB0aGlzIG1lbW9yeS4=	7J20IOyVhOydtO2FnOydgCDquLDslrXqs7wg6rSA6rOE7JeG64qUIOqygyDqsJnri6Q=
Y2hlY2staXRlbS1lbXB0eQ==	6KiY5oa244Go6Zai5L+C44GX44Gf44Ki44Kk44OG44Og44KS572u44GP5b+F6KaB44GM44GC44KL44KI44GG44Gg	WW91IG5lZWQgdG8gcGxhY2UgYW4gaXRlbSBjb25uZWN0ZWQgdG8gdGhlIG1lbW9yeS4=	6riw7Ja16rO8IOq0gOugqOuQnCDslYTsnbTthZzsnYQg64aT7JWE7JW8IO2VoCDqsoMg6rCZ64uk
dG9hc3QtZmluZC10b2tlbg==	44Kt44O844Ov44O844OJIOOAjHswfeOAjSDjgpLlhaXmiYs=	Rm91bmQgYSBLZXl3b3JkOiAiezB9Ig==	7YKk7JuM65OcIOOAjHswfeOAjSDtmo3rk50=
dG9hc3QtZmluZC1pdGVt	44CMezB944CNIOOCkuWFpeaJiw==	Rm91bmQ6ICJ7MH0i	44CMezB944CNIO2ajeuTnQ==
Y29udHJvbC1pbnZlbnRvcnk=	44Ki44Kk44OG44Og5YiH5pu/	Q2hhbmdlIEl0ZW0=	7JWE7J207YWcIOyghO2ZmA==
Y29udHJvbC1za2lw	44K544Kt44OD44OX	U2tpcA==	7Iqk7YK1
Y29udHJvbC11bnNraXA=	44K544Kt44OD44OX5YGc5q2i	U3RvcCBTa2lwcGluZw==	7Iqk7YK1IOykkeyngA==
Y29udHJvbC1zZWxlY3QtbWVtb3J5	6KiY5oa244KS56K66KqN44GZ44KL	Q2hlY2sgTWVtb3J5	6riw7Ja1IO2ZleyduA==
Y29udHJvbC1pdGVt	44Ki44Kk44OG44Og5pW055CG	TW92ZSBJdGVtcw==	7JWE7J207YWcIOygleumrA==
YWN0aXZpdHktY2xlYW4=	57ea44KS44KI44GR44Gm6Zqg44KM44Gm44GE44KL44Kq44OW44K444Kn44Kv44OI44KS5o6i44GZ	QXZvaWQgdGhlIGxpbmVzIGFuZCBmaW5kIHRoZSBoaWRkZW4gb2JqZWN0	7ISg7J2EIO2UvO2VtOyEnCDsiKjslrQg7J6I64qUIOyYpOu4jOygne2KuOulvCDssL7ripTri6Q=
YWN0aXZpdHktdHVuZQ==	55+i5Y2w44Gu5YCk44Gr44Gq44KL44KI44GGM+OBpOOBruODkeODqeODoeODvOOCv+OCkuiqv+aVtOOBmeOCiw==	QWRqdXN0IHRoZSB0aHJlZSBwYXJhbWV0ZXJzIHRvIHJlYWNoIHRoZSBjb3JyZWN0IHZhbHVl	7ZmU7IK07ZGc7J2YIOqwkuydtCDrkJjrj4TroZ0g7IS4IOqwgOyngCDtjIzrnbzrr7jthLDrpbwg7KGw7KCV7ZWc64uk
YWN0aXZpdHktY2lyY2xl	44K/44Kk44Of44Oz44Kw44KI44GP44Oc44K/44Oz44KS5oq844GZ	UHJlc3MgdGhlIGJ1dHRvbiBhdCB0aGUgY29ycmVjdCB0aW1pbmc=	7YOA7J2067CN7JeQIOunnuy2sCDrsoTtirzsnYQg64iE66W464uk
YWN0aXZpdHktd29yZA==	5ZCM44GY5paH5a2X5YiX44KS6KaL44Gk44GR44KL	RmluZCB0aGUgc2ltaWxhciB3b3Jkcw==	6rCZ7J2AIOusuOyekOyXtOydhCDssL7ripTri6Q=
dGl0bGUtc3RhcnQ=	44Gv44GY44KB44KL	U3RhcnQ=	7Iuc7J6R
dGl0bGUtb3B0aW9u	44Kq44OX44K344On44Oz	U2V0dGluZ3M=	7Ji17IWY
dGl0bGUtZXhpdA==	57WC5LqG	UXVpdA==	7KKF66OM
dGl0bGUtZW5kbGVzcw==	5oCd44GE6L+U44GZ	UmVtaW5pc2Nl	7ZqM7IOB7ZWY6riw
dGl0bGUtc3VydmV5	44Ki44Oz44Kx44O844OI44Gr5Zue562U	QW5zd2VyIFN1cnZleQ==	7ISk66y47JeQIOydkeuLtQ==
dGl0bGUtZW5kaW5n	44Ko44Oz44OH44Kj44Oz44Kw	RW5kaW5n	7JeU65Sp
cHJlcGFyZS1xdWVzdC10YXJnZXQ=	6KiY5oa244Gu5pat54mH44KSIHswfSDjgaTlho3nlJ/jgZnjgos=	UGxheSB7MH0gbWVtb3J5IGZyYWdtZW50L3M=	6riw7Ja17J2YIOyhsOqwgeydhCB7MH3qsJwg7J6s7IOd7ZWc64uk
cHJlcGFyZS1tZW1vcnktY291bnQ=	5oCd44GE5Ye644GX44Gf6KiY5oa244Gu5pat54mHIDogezB9	UmVtZW1iZXJlZCBtZW1vcnkgZnJhZ21lbnRzOiB7MH0=	65ag7Jis66awIOq4sOyWteydmCDsobDqsIEgOiB7MH0=
cmVzdWx0LW1lc3NhZ2Utc3VjY2Vzcw==	4pSA4pSA6KiY5oa244KS6ZuG44KB44Gm44CB5o6i57Si44KS5a6M5LqG44GX44Gf44CC	Li4uIEkgZm91bmQgbWVtb3JpZXMgYW5kIGV4cGxvcmVkIGFzIG11Y2ggYXMgSSBjb3VsZC4=	4pSA4pSA6riw7Ja17J2EIOuqqOyVhCDtg5Dsg4nsnYQg66eI7LOk64ukLg==
cmVzdWx0LW1lc3NhZ2UtZmFpbGVk	4pSA4pSA5by344GE55yg5rCX44Gr6KWy44KP44KM44CB5oSP6K2Y44KS5aSx44Gj44Gf44CC	Li4uIFRha2VuIGJ5IHN1ZGRlbiBkcm93c2luZXNzLCBJIHBhc3NlZCBvdXQu	4pSA4pSA6rCV7ZWcIOyhuOydjOydtCDrja7ss5Ag7J2Y7Iud7J2EIOyeg+yXiOuLpC4=
cmVzdWx0LW1lc3NhZ2UtcGlzdG9s	4pSA4pSA5ouz6YqD44Gn5bCR5aWz44KS5pKD44Gj44Gf44Gu44Gv44CB6Ieq5YiG44GL44KC44GX44KM44Gq44GE44CC	Li4uIE1heWJlIEkgd2FzIHRoZSBvbmUgd2hvIHNob3QgdGhlIGdpcmwu	4pSA4pSA7IaM64WA66W8IOq2jOy0neycvOuhnCDsj5wg6rG0IOuCmOydvOyngOuPhCDrqqjrpbjri6Qu
cmVzdWx0LW1lc3NhZ2UtZW5kMDA=	4pSA4pSA6YqD5aOw44Gu44GC44Go44CB5YuV44GL44Gq44GP44Gq44Gj44Gf44Kr44OI44Oq44O844OK44KS6KaL44Gk44GR44Gf44CC	Li4uIEFmdGVyIGhlYXJpbmcgdGhlIGd1bnNob3QsIEkgZm91bmQgS2F0cmluYSwgbG9va2luZyB1bmNvbnNjaW91cy4=	4pSA4pSA7LSd7ISx7J20IOuTpOumsCDrkqQsIOybgOyngeydtOyngCDslYrripQg7Lm07Yq466as64KY66W8IOuwnOqyrO2WiOuLpC4=
cmVzdWx0LW1lc3NhZ2UtZW5kMDE=	4pSA4pSA44Kr44OI44Oq44O844OK44KS5pKD44Gj44Gf54qv5Lq644CB5YWt5Lq655uu44Gv5pys5b2T44Gr44GE44KL44Gu44GL77yf	Li4uIElzIHRoZXJlIHJlYWxseSBhIHNpeHRoIHBlcnNvbiB3aG8gc2hvdCBLYXRyaW5hPw==	4pSA4pSA7Lm07Yq466as64KY66W8IOyPnCDrspTsnbgsIOyXrOyEryDrsojsp7gg7IKs656M7J2AIOygleunkCDsobTsnqztlZjripQg6rG46rmMPw==
cmVzdWx0LW1lc3NhZ2UtZW5kMDI=	4pSA4pSA55uu6Kaa44KB44Gf44GC44Go44Gr5L2V44GM5b6F44Gj44Gm44GE44KL44Gu44GL44CC6Kqw44KC44GM44Gd44KM44KS5oGQ44KM44Gm44GE44KL44CC	Li4uIFdoYXQgd2lsbCB3ZSBoYXZlIHRvIGZhY2Ugd2hlbiB3ZSB3YWtlIHVwPyBXZSdyZSBhbGwgc2NhcmVkIG9mIHRoYXQu	4pSA4pSA64iI7J2EIOucrCDrkqQg66y07JeH7J20IOq4sOuLpOumrOqzoCDsnojsnYTquYwuIOuqqOuRkOqwgCDqt7jqsoPsnYQg65GQ66Ck7JuM7ZWY6rOgIOyeiOuLpC4=
cmVzdWx0LW1lc3NhZ2UtZW5kMDM=	4pSA4pSA5ZG944Gu6YeN44GV44CC44K+44O844Kk44Gu6KiA6JGJ44Gv44CB44Kr44OI44Oq44O844OK44Gr5bGK44GE44Gf44Gg44KN44GG44GL44CC	Li4uIExpZmUgaXMgYSByZXNwb25zaWJpbGl0eS4gRGlkIEthdHJpbmEgcmVhbGx5IHVuZGVyc3RhbmQgWm9lJ3Mgd29yZHM/	4pSA4pSA66qp7Iio7J2YIOustOqyjC4g7KGw7J207J2YIOunkOydgCDsubTtirjrpqzrgpjsl5Dqsowg64u/7JWY7J2E6rmMLg==
cmVzdWx0LW1lc3NhZ2UtZW5kMDQ=	4pSA4pSA6KiY5oa244KS5Y+W44KK5oi744GX44Gm44CB55yg44KK44GL44KJ6Kaa44KB44KL44CC	Li4uIFdpdGggbXkgbWVtb3JpZXMgYmFjaywgaXQncyB0aW1lIHRvIHdha2UgdXAu	4pSA4pSA6riw7Ja17J2EIOuQmOywvuqzoCDsnqDsl5DshJwg6rmo7Ja064Kc64ukLg==
cmVzdWx0LW1lc3NhZ2UtZW5kMDU=	4pSA4pSA5Zyw55CD44G444CC	Li4uIFRvIEVhcnRoLg==	4pSA4pSA7KeA6rWs66GcLg==
cmVzdWx0LW5leHQtZmxvb3I=	5qyh44Gu6ZqO5bGk44G4	TmV4dCBMZXZlbA==	64uk7J2MIOy4teycvOuhnA==
cmVzdWx0LW5leHQtZGF5	5qyh44Gu5pel44G4	TmV4dCBEYXk=	64uk7J2MIOuCoOuhnA==
cmVzdWx0LWV4aXQ=	5L+d5a2Y44GX44Gm44K/44Kk44OI44Or44G4	U2F2ZSBhbmQgZ28gYmFjayB0byB0aXRsZQ==	7KCA7J6l7ZWY6rOgIO2DgOydtO2LgOuhnA==
cmVzdWx0LWJvbnVz	44Oc44O844OK44K5542y5b6X	Qm9udXMgT2J0YWluZWQ=	67O064SI7IqkIO2ajeuTnQ==
cmVzdWx0LXRpbGU=	5Zug5a2Q44K544OI44Os44O844K4	RmlnbWVudCBTdG9yYWdl	7J247J6QIOuztOq0gO2VqA==
aXRlbS1lZmZlY3Qtc2xlZXBpbmVzcw==	5omA5oyB5Lit44Gu44G/5oSP6K2Y44KSIHswfQ==	ezB9IHRvIFZpZ29yIHdoZW4gaW4geW91ciBwb3NzZXNzaW9u	67O07JygIOykkeyXkOunjCDsnZjsi50gezB9
aXRlbS1lZmZlY3QtbWl0aWdhdGlvbi1kb29y	ezB9IOOBruaJieOCkumWi+OBkeOCi+OCs+OCueODiOOCkiB7MX0=	ezF9IGNvc3QgdG8gb3BlbiB7MH0gZG9vcnM=	ezB9IOusuOydhCDsl6zripQg67mE7JqpIHsxfQ==
aXRlbS1lZmZlY3QtbWl0aWdhdGlvbi1tZW1vcnk=	6KiY5oa25YaN55Sf44Gu44Kz44K544OI44KSIHswfQ==	ezB9IGNvc3QgdG8gcGxheSBtZW1vcmllcw==	6riw7Ja1IOyerOyDnSDruYTsmqkgezB9
aXRlbS1lZmZlY3Qtd2FycA==	ezB9IOOBq+ODr+ODvOODl++8iOWtmOWcqOOBl+OBquOBhOWgtOWQiOOBr+WKueaenOOBquOBl++8iQ==	V2FycCB0byB7MH0gKG9ubHkgaGFzIGVmZmVjdCBpZiBpdCBleGlzdHMp	ezB9KOycvCnroZwg7JuM7ZSEICjsobTsnqztlZjsp4Ag7JWK7Jy866m0IO2aqOqzvCDsl4bsnYwp
aXRlbS1lZmZlY3QtaW52ZW50b3J5	44Ki44Kk44OG44Og5omA5oyB5p6gIHswfQ==	Q2FuIGhvbGQgezB9IGl0ZW1z	7JWE7J207YWcIOyGjOyngCDsubggezB9
aXRlbS1lZmZlY3QtZHJvcA==	ezB9IOOBruWHuuePvueOhyB7MX0=	ezF9IGNoYW5jZSBvZiB7MH0gYXBwZWFyaW5n	ezB9IOy2nO2YhOycqCB7MX0=
Ym9udXMtdGl0bGU=	542y5b6X44GZ44KL44Oc44O844OK44K544KS6YG45oqe44GX44Gm44GP44Gg44GV44GEIO+8iCDmrovjgoogOiB7MH0g77yJ	Q2hvb3NlIHdoaWNoIGJvbnVzIHRvIGdldCAoezB9IGxlZnQp	7ZqN65Od7ZWgIOuztOuEiOyKpOulvCDshKDtg53tlbQg7KO87IS47JqUICjrgqjsnYAg7Zqf7IiYIDogezB9KQ==
Ym9udXMtdGl0bGUtaXRlbQ==	44Ki44Kk44OG44Og5YWl5omL	R2V0IGl0ZW0=	7JWE7J207YWcIO2ajeuTnQ==
Ym9udXMtZGVzY3JpcHRpb24taXRlbQ==	44Ki44Kk44OG44Og44CMezB944CN44KS5YWl5omL44GX44G+44GZ44CC	WW91IHdpbGwgZ2V0IGFuIGl0ZW06ICJ7MH0i	7JWE7J207YWc44CMezB944CN7J2EIO2ajeuTne2VqeuLiOuLpC4=
Ym9udXMtdGl0bGUta2V5	6Y215YWl5omL	R2V0IGtleQ==	7Je07IegIO2ajeuTnQ==
Ym9udXMtZGVzY3JpcHRpb24ta2V5	44CMezB944CN44KSMeOBpOWFpeaJi+OBl+OBvuOBmeOAgg==	WW91IHdpbGwgZ2V0IDEgInswfSI=	44CMezB944CNIDHqsJzrpbwg7ZqN65Od7ZWp64uI64ukLg==
Ym9udXMtdGl0bGUtc2xlZXBpbmVzcw==	5oSP6K2YIOWbnuW+qQ==	Vmlnb3I=	7J2Y7IudIO2ajOuztQ==
Ym9udXMtbmFtZS1zbGVlcGluZXNz	5oSP6K2YICt7MH0=	Vmlnb3IgK3swfQ==	7J2Y7IudICt7MH0=
Ym9udXMtZGVzY3JpcHRpb24tc2xlZXBpbmVzcw==	5oSP6K2Y44KSIHswfSDlm57lvqnjgZfjgb7jgZnjgII=	UmVzdG9yZXMgezB9IFZpZ29yLg==	7J2Y7Iud7J2EIHswfSDtmozrs7Xtlanri4jri6Qu
Ym9udXMtdGl0bGUtdGlsZQ==	5Zug5a2Q5YWl5omL	T2J0YWluIEZpZ21lbnQ=	7J247J6QIO2ajeuTnQ==
Ym9udXMtZGVzY3JpcHRpb24tdGlsZQ==	5Yq55p6c77yaezB9	RWZmZWN0OiB7MH0=	7Zqo6rO8OiB7MH0=
Ym9udXMtdGl0bGUtY2FuY2Vs	44Kt44Oj44Oz44K744Or	Q2FuY2Vs	7Leo7IaM
Ym9udXMtbmFtZS1jYW5jZWw=	44Kt44Oj44Oz44K744Or	Q2FuY2Vs	7Leo7IaM
Ym9udXMtZGVzY3JpcHRpb24tY2FuY2Vs	5L2V44KC5Y+X44GR5Y+W44KJ44Ga57WC5LqG44GX44G+44GZ44CC	Q2FuY2VsIHdpdGhvdXQgcmVjZWl2aW5nIGFueSBib251cy4=	7JWE66y06rKD64+EIOuwm+yngCDslYrqs6Ag7KKF66OM7ZWp64uI64ukLg==
Z3JhcGhpYy1tb2RlLWRlZmF1bHQ=	5o+P55S76LKg6I2377ya5qiZ5rqW	R3JhcGhpY3MgcHJlc2V0OiBTdGFuZGFyZA==	6re4656Y7ZS9IOu2gO2VmDog7ZGc7KSA
Z3JhcGhpYy1tb2RlLWxvdw==	5o+P55S76LKg6I2377ya6Lu96YeP	R3JhcGhpY3MgcHJlc2V0OiBMb3c=	6re4656Y7ZS9IOu2gO2VmDog6rK965+J
Z3JhcGhpYy1tb2RlLXZlcnlsb3c=	5o+P55S76LKg6I2377ya5pyA6Lu96YeP	R3JhcGhpY3MgcHJlc2V0OiBMb3dlc3Q=	6re4656Y7ZS9IOu2gO2VmDog7LWc6rK965+J
b3B0aW9uLWJnbVZvbHVtZQ==	QkdN6Z+z6YePIDogezB9	TXVzaWMgdm9sdW1lOiB7MH0=	QkdNIOydjOufiSA6IHswfQ==
b3B0aW9uLXNlVm9sdW1l	U0Xpn7Pph48gOiB7MH0=	U0ZYIHZvbHVtZTogezB9	U0Ug7J2M65+JIDogezB9
b3B0aW9uLXRleHRTcGVlZA==	44OG44Kt44K544OI6YCf5bqmIDog	VGV4dCBTcGVlZDog	7YWN7Iqk7Yq4IOyGjeuPhCA6IA==
b3B0aW9uLXRleHREaXN0YW5jZTA=	44OG44Kt44K544OI6YCB44KK77ya5pyA6YGF	QXV0by1zY3JvbGwgc3BlZWQ6IFNsb3dlc3Q=	7YWN7Iqk7Yq4IOuEmOq5gDog6rCA7J6lIOuKkOumvA==
b3B0aW9uLXRleHREaXN0YW5jZTE=	44OG44Kt44K544OI6YCB44KK77ya6YGF44GE	QXV0by1zY3JvbGwgc3BlZWQ6IFNsb3c=	7YWN7Iqk7Yq4IOuEmOq5gDog64qQ66a8
b3B0aW9uLXRleHREaXN0YW5jZTI=	44OG44Kt44K544OI6YCB44KK77ya6YCa5bi4	QXV0by1zY3JvbGwgc3BlZWQ6IE1lZGl1bQ==	7YWN7Iqk7Yq4IOuEmOq5gDog67O07Ya1
b3B0aW9uLXRleHREaXN0YW5jZTM=	44OG44Kt44K544OI6YCB44KK77ya6YCf44GE	QXV0by1zY3JvbGwgc3BlZWQ6IEZhc3Q=	7YWN7Iqk7Yq4IOuEmOq5gDog67mg66aE
b3B0aW9uLXRleHREaXN0YW5jZTQ=	44OG44Kt44K544OI6YCB44KK77ya5pyA6YCf	QXV0by1zY3JvbGwgc3BlZWQ6IEZhc3Rlc3Q=	7YWN7Iqk7Yq4IOuEmOq5gDog6rCA7J6lIOu5oOumhA==
b3B0aW9uLXNjcm9sbFNwZWVk	44K544Kv44Ot44O844Or6YCf5bqm77yaezB9	U2Nyb2xsIHNwZWVkOiB7MH0=	7Iqk7YGs66GkIOyGjeuPhDogezB9
b3B0aW9uLWNhbWVyYVNwZWVk	44Kr44Oh44Op5oSf5bqm77yaezB9	Q2FtZXJhIHNlbnNpdGl2aXR5OiB7MH0=	7Lm066mU6528IOqwkOuPhDogezB9
b3B0aW9uLWNhbWVyYS1pbnZlcnQteA==	44Kr44Oh44Op5Y+N6Lui44CA5LiK5LiL5pa55ZCR77yaezB9	SW52ZXJ0IGNhbWVyYSBjb250cm9scyAodmVydGljYWwpOiB7MH0=	7Lm066mU6528IOuwmOyghOOAgOyDge2VmCDrsKntlqU6IHswfQ==
b3B0aW9uLWNhbWVyYS1pbnZlcnQteQ==	44Kr44Oh44Op5Y+N6Lui44CA5bem5Y+z5pa55ZCR77yaezB9	SW52ZXJ0IGNhbWVyYSBjb250cm9scyAoaG9yaXpvbnRhbCk6IHswfQ==	7Lm066mU6528IOuwmOyghOOAgOyijOyasCDrsKntlqU6IHswfQ==
b3B0aW9uLWZ1bGxTY3JlZW4=	44OV44Or44K544Kv44Oq44O844Oz	RnVsbHNjcmVlbg==	7KCE7LK0IO2ZlOuptA==
b3B0aW9uLXdpbmRvdw==	44Km44Kj44Oz44OJ44Km	V2luZG93ZWQ=	7LC9IOuqqOuTnA==
b3B0aW9uLXRpdGxl	44K/44Kk44OI44Or44G4	QmFjayB0byBUaXRsZQ==	7YOA7J207YuA66GcIOuPjOyVhOqwgOq4sA==
b3B0aW9uLWdhbWVNb2Rl	44Oi44O844OJIDogezB9	TW9kZTogezB9	66qo65OcIDogezB9
b3B0aW9uLWNsZWFyU2F2ZQ==	44K744O844OW44OH44O844K/5YmK6Zmk	RGVsZXRlIFNhdmUgRGF0YQ==	7IS47J2067iMIOuNsOydtO2EsCDsgq3soJw=
b3B0aW9uLWV4aXQ=	57WC5LqG	UXVpdA==	7KKF66OM
Y29uZmlybQ==	56K66KqN	Q29uZmlybQ==	7ZmV7J24
Y29uZmlybS1ob21l	44Ob44O844Og44Gr5oi744KK44G+44GZ44CCPGJyPuOCiOOCjeOBl+OBhOOBp+OBmeOBi++8nw==	R28gYmFjayB0byB0aGUgaG9tZSBzY3JlZW4/PGJyPkNvbnRpbnVlPw==	7ZmI7Jy866GcIOuPjOyVhOqwkeuLiOuLpC48YnI+6rOE7IaN7ZWY7Iuc6rKg7Iq164uI6rmMPw==
Y29uZmlybS10aXRsZQ==	44K744O844OW44Gb44Ga44Gr44K/44Kk44OI44Or44Gr5oi744KK44G+44GZ44CCPGJyPuOCiOOCjeOBl+OBhOOBp+OBmeOBi++8nw==	WW91J2xsIGdvIGJhY2sgdG8gdGhlIHRpdGxlIHNjcmVlbiB3aXRob3V0IHNhdmluZy48YnI+QXJlIHlvdSBzdXJlPw==	7KCA7J6l7ZWY7KeAIOyViuqzoCDtg4DsnbTti4DroZwg64+M7JWE6rCR64uI64ukLjxicj7qs4Tsho3tlZjsi5zqsqDsirXri4jquYw/
Y29uZmlybS1leGl0	44Ky44O844Og44KS57WC5LqG44GX44G+44GZ44CCPGJyPuOCiOOCjeOBl+OBhOOBp+OBmeOBi++8nw==	UXVpdCB0aGUgZ2FtZT8=	6rKM7J6E7J2EIOyiheujjO2VqeuLiOuLpC48YnI+6rOE7IaN7ZWY7Iuc6rKg7Iq164uI6rmMPw==
Y29uZmlybS1vcGVuVXJs	V0VC44OW44Op44Km44K244Gn5Lul5LiL44GuVVJM44KS6ZaL44GN44G+44GZ44CCPGJyPuOCiOOCjeOBl+OBhOOBp+OBmeOBi++8nzxicj48YnI+ezB9	VGhlIGZvbGxvd2luZyBVUkwgd2lsbCBiZSBvcGVuZWQgaW4geW91ciBicm93c2VyLjxicj5EbyB5b3Ugd2FudCB0byBwcm9jZWVkPzxicj48YnI+ezB9	7Ju5IOu4jOudvOyasOyggOyXkOyEnCDslYTrnpggVVJM7J2EIOyXveuLiOuLpC48YnI+6rOE7IaN7ZWY7Iuc6rKg7Iq164uI6rmMPzxicj48YnI+ezB9
Y29uZmlybS1jbGVhclNhdmU=	44K744O844OW44OH44O844K/44KS5YmK6Zmk44GX44G+44GZ44CC44KI44KN44GX44GE44Gn44GZ44GL77yfPGJyPjxicj7jgrfjgrnjg4bjg6Djg4fjg7zjgr/vvIjjgqrjg5fjgrfjg6fjg7PoqK3lrprjgarjganvvInjga/liYrpmaTjgZXjgozjgb7jgZvjgpPjgII=	RGVsZXRlIGFsbCBzYXZlIGRhdGE/PGJyPjxicj5TZXR0aW5ncyBhbmQgb3RoZXIgc3lzdGVtIGRhdGEgd2lsbCBub3QgYmUgZGVsZXRlZC4=	7IS47J2067iMIOuNsOydtO2EsOulvCDsgq3soJztlanri4jri6QuIOqzhOyGje2VmOyLnOqyoOyKteuLiOq5jD88YnI+PGJyPuyLnOyKpO2FnCDrjbDsnbTthLAo7Ji17IWYIOyEpOyglSDrk7Ep64qUIOyCreygnOuQmOyngCDslYrsirXri4jri6Qu
Y29uZmlybS1yZWJvb3Q=	6Kit5a6a44KS5Y+N5pig44GZ44KL44Gf44KB44CB5YaN6LW35YuV44GX44G+44GZ44CC	UmVzdGFydGluZyB0byBhcHBseSBuZXcgc2V0dGluZ3Mu	7ISk7KCV7J2EIOyggeyaqe2VmOq4sCDsnITtlbQg7J6s7Iuc7J6R7ZWp64uI64ukLg==
Y29uZmlybS1yZW1lbWJlci10aXRsZQ==	6KiY5oa244KS5YaN55Sf	V2F0Y2ggbWVtb3J5	6riw7Ja1IOyerOyDnQ==
Y29uZmlybS1yZW1lbWJlcg==	44GZ44Gn44Gr5YaN55Sf44GX44Gf44GT44Go44Gu44GC44KL6KiY5oa244Gn44GZ44CCPGJyPuOCguOBhuS4gOW6puOAgeiomOaGtuOBruaWreeJh+OCkuWGjeeUn+OBl+OBvuOBmeOBi++8nw==	WW91J3ZlIGFscmVhZHkgc2VlbiB0aGlzIG1lbW9yeS48YnI+RG8geW91IHdhbnQgdG8gcGxheSBpdCBhZ2Fpbj8=	7J2066+4IOyerOyDne2VnCDquLDslrXsnoXri4jri6QuPGJyPuq4sOyWteydmCDsobDqsIHsnYQg64uk7IucIOyerOyDne2VmOyLnOqyoOyKteuLiOq5jD8=
Y29uZmlybS1jb21wbGV0ZWQtdGl0bGU=	6KiY5oa244KS5YaN55Sf	V2F0Y2ggbWVtb3J5	6riw7Ja1IOyerOyDnQ==
Y29uZmlybS1jb21wbGV0ZWQ=	44GZ44Gn44Gr5YaN55Sf44GX44Gf44GT44Go44Gu44GC44KL6KiY5oa244Gn44GZPGJyPuaDheaZr+OBruWGjeeUn+OCkuOCueOCreODg+ODl+OBl+OBvuOBmeOBi++8nw==	WW91J3ZlIGFscmVhZHkgc2VlbiB0aGlzIG1lbW9yeS48YnI+RG8geW91IHdhbnQgdG8gc2tpcCB0aGUgc3RvcnkgcGFydD8=	7J2066+4IOyerOyDne2VnCDquLDslrXsnoXri4jri6QuPGJyPuyepeuptCDsnqzsg53snYQg6rG064SI65uw7Iuc6rKg7Iq164uI6rmMPw==
Y29uZmlybS1uby1pdGVtLXRpdGxl	6KiY5oa244KS5YaN55Sf	V2F0Y2ggbWVtb3J5	6riw7Ja1IOyerOyDnQ==
Y29uZmlybS1uby1pdGVt	44Ki44Kk44OG44Og44GM572u44GL44KM44Gm44GE44G+44Gb44KT44CCPGJyPuOBk+OBruOBvuOBvuiomOaGtuOBruaWreeJh+OCkuWGjeeUn+OBl+OBvuOBmeOBi++8nw==	WW91IGhhdmVuJ3QgcHV0IGRvd24gYW55IGl0ZW1zLjxicj5EbyB5b3Ugd2FudCB0byBwbGF5IHRoZSBtZW1vcnkgbGlrZSB0aGlzPw==	7JWE7J207YWc7J20IOuGk+yXrCDsnojsp4Ag7JWK7Iq164uI64ukLjxicj7snbTrjIDroZwg6riw7Ja17J2YIOyhsOqwgeydhCDsnqzsg53tlZjsi5zqsqDsirXri4jquYw/
Y29uZmlybS10cmFzaC10aXRsZQ==	44Ki44Kk44OG44Og44KS56C05qOE	RGlzY2FyZCBJdGVt	7JWE7J207YWcIOuyhOumrOq4sA==
Y29uZmlybS10cmFzaA==	ezB944KS5o2o44Gm44G+44GZ44CCPGJyPuOCiOOCjeOBl+OBhOOBp+OBmeOBi++8nw==	WW91IGFyZSBnb2luZyB0byBkaXNjYXJkICJ7MH0iLjxicj5BcmUgeW91IHN1cmU/	ezB97J2EKOulvCkg67KE66a964uI64ukLjxicj7qs4Tsho3tlZjsi5zqsqDsirXri4jquYw/
Y29uZmlybS1zbGVlcC10aXRsZQ==	5LiA5pel44KS57WC44GI44KL	RW5kIERheQ==	7ZWY66OoIOuBneuCtOq4sA==
Y29uZmlybS1zbGVlcA==	5oSP6K2Y44GM44K844Ot44Gr44Gq44KK44CB5LiA5pel44KS57WC44GI44G+44GZ44CCPGJyPuOCiOOCjeOBl+OBhOOBp+OBmeOBi++8nw==	WW91ciBWaWdvciB3aWxsIGRyb3AgdG8gemVybyBhbmQgdGhlIGRheSB3aWxsIGVuZC48YnI+QXJlIHlvdSBzdXJlPw==	7J2Y7Iud7J20IDDsnbQg65CY7Ja0IO2VmOujqOulvCDrgZ3rg4Xri4jri6QuPGJyPuqzhOyGje2VmOyLnOqyoOyKteuLiOq5jD8=
ZGlhbG9nLXllcw==	44Gv44GE	WWVz	7JiI
ZGlhbG9nLW5v	44GE44GE44GI	Tm8=	7JWE64uI7JqU
ZGlhbG9nLW5leHQ=	5qyh44G4	TmV4dA==	64uk7J2M
ZGlhbG9nLWNhbmNlbA==	44KE44KB44KL	U3RvcA==	6re466eM65GQ6riw
ZGlhbG9nLWNsb3Nl	44Go44GY44KL	Q2xvc2U=	64ur6riw
ZGlhbG9nLWNvbmZpcm0=	56K66KqN	Q29uZmlybQ==	7ZmV7J24
Z3VpZGUtbWVtb3J5	6KiY5oa244Gu5pat54mH44KS5YaN55SfIDogezB9IC8gezF9	UGxheSBtZW1vcnkgZnJhZ21lbnRzOiB7MH0vezF9	6riw7Ja17J2YIOyhsOqwgSDsnqzsg50gOiB7MH0gLyB7MX0=
Z3VpZGUtdGFsaw==	ezB9IOOBqOipseOBmQ==	VGFsayB0byB7MH0=	ezB97JmAKOqzvCkg7J207JW86riw7ZWY6riw
Z3VpZGUtZmluZC1pdGVt	ezB9IOOCkuaOouOBmQ==	RmluZCB0aGUgezB9	ezB9IOywvuq4sA==
Z3VpZGUtcGxheS1tZW1vcnk=	ezB9IOOBruiomOaGtuOCkuimi+OCiw==	V2F0Y2ggbWVtb3J5OiAiezB9Ig==	ezB97J2YIOq4sOyWtSDrs7TquLA=
Z3VpZGUtZW50ZXItbGV2ZWw=	ezB9IOOCkuioquOCjOOCiw==	R28gdG8gInswfSI=	ezB9IOuwqeusuO2VmOq4sA==
Z3VpZGUtY29tcGxldGUtbWVtb3J5	6KiY5oa244Gu5pat54mH44CMezB944CN44KS6KaL44KL	V2F0Y2ggbWVtb3J5IGZyYWdtZW50OiAiezB9Ig==	6riw7Ja17J2YIOyhsOqwgeOAjHswfeOAjSDrs7TquLA=
Z3VpZGUtZXNjYXBl	5oyv44KK6L+U44KJ44Ga44CB6YCD44GS44KL	UnVuIGF3YXkgYW5kIGRvbid0IGxvb2sgYmFjaw==	65Kk64+M7JWE67O07KeAIOunkOqzoCDrj4Trp53suZzri6Q=
Z3VpZGUtd2Fsaw==	5q2p44GN57aa44GR44KL	S2VlcCB3YWxraW5n	6rOE7IaNIOqxt+uKlOuLpA==
Z3VpZGUtd2FuZGVy	6Kqw44GL44KS5o6i44GZ	RmluZCBzb21lb25l	64iE6rWw6rCA66W8IOywvuuKlOuLpA==
Z3VpZGUtbG9va2Zvcg==	ezB9IOOCkuaOouOBmQ==	RmluZDogezB9	ezB9IOywvuq4sA==
Z3VpZGUtY2FtZXJhMDA=	44Oe44Km44K544KS5YuV44GL44GX44Gm6KaL5Zue44GZ	TG9vayBhcm91bmQgd2l0aCB0aGUgbW91c2U=	66eI7Jqw7Iqk66W8IOybgOyngeyXrCDrkZjrn6zrs7TquLA=
Z3VpZGUtbW92ZTAw	W1dBU0Rd44Kt44O844Gn5q2p44GPICsgW1NISUZUXeOBp+i1sOOCiw==	TW92ZTogW1dBU0RdIFJ1bjogW1NISUZUXQ==	W1dBU0RdIO2CpOuhnCDqsbfquLAgKyBbU0hJRlRd66GcIOuLrOumrOq4sA==
Z3VpZGUtY2FtZXJhMDAtcGFk	W1Ljgrnjg4bjgqPjg4Pjgq9d44Gn6KaL5Zue44GZ	W1IgU3RpY2tdIHRvIG1vdmUgY2FtZXJh	W1Ig7Iqk7YuxXeycvOuhnCDrkZjrn6zrs7TquLA=
Z3VpZGUtbW92ZTAwLXBhZA==	W0zjgrnjg4bjgqPjg4Pjgq9d44Gn5q2p44GPICsgW0zjg5zjgr/jg7Nd44Gn6LWw44KL	W0wgU3RpY2tdIHRvIHdhbGsgKyBbTCBCdXR0b25dIHRvIHJ1bg==	W0wg7Iqk7YuxXeycvOuhnCDqsbfquLAgKyBbTCDrsoTtirxd7Jy866GcIOuLrOumrOq4sA==
Z3VpZGUtdGFsazAw	5bCR5aWz44Go6Kmx44GZ	VGFsayB3aXRoIHRoZSBnaXJs	7IaM64WA7JmAIOydtOyVvOq4sO2VmOq4sA==
Z3VpZGUtaXRlbTAw	44CM44K344Oj44OZ44Or44CN44KS5o6i44GZ	TG9vayBmb3IgdGhlIHNob3ZlbA==	44CM7IK944CNIOywvuq4sA==
Z3VpZGUtbWVtb3J5MDA=	44CM44K344Oj44OZ44Or44CN44KS44OG44O844OW44Or44Gr572u44GPL+iomOaGtuOBruaWreeJh+OCkuimi+OCiw==	UHV0IGRvd24gdGhlIHNob3ZlbCAvIFdhdGNoIG1lbW9yeQ==	44CM7IK944CN7J2EIO2FjOydtOu4lOyXkCDrhpPquLAgLyDquLDslrXsnZgg7KGw6rCBIOuztOq4sA==
dHV0b3JpYWwtaXRlbS10aXRsZQ==	44Ki44Kk44OG44Og44Gr44Gk44GE44Gm	SXRlbXM=	7JWE7J207YWc
dHV0b3JpYWwtaXRlbS10ZXh0	5a6k5YaF44Gr44Gv44CB44GV44G+44GW44G+44Gq44Ki44Kk44OG44Og44GM6JC944Gh44Gm44GE44G+44GZ44CCPGJyPuOCouOCpOODhuODoOOBrzPjgZPjgb7jgafmi77jgYbjgZPjgajjgYzjgafjgY3jgb7jgZnjgII8YnI+PGJyPuOBk+OBruepuumWk+OBp+OBr+OAgeaLvuOBo+OBn+OCouOCpOODhuODoOOCkuOBqeOBk+OBi+OBq+e9ruOBj+OBk+OBqOOBp+OAgeS9leOBi+OBjOi1t+OBjeOCi+OCiOOBhuOBp+OBmeOAgg==	WW91IHdpbGwgZmluZCBzZXZlcmFsIGl0ZW1zIGx5aW5nIGFyb3VuZC48YnI+WW91IGNhbiBrZWVwIHVwIHRvIDMgd2l0aCB5b3UuPGJyPjxicj5TdHJhbmdlIHRoaW5ncyBtYXkgaGFwcGVuIHdoZW4geW91IHB1dCBkb3duIGl0ZW1zIGluIHNwZWNpZmljIHBsYWNlcy4=	7Iuk64K07JeQ64qUIOuLpOyWke2VnCDslYTsnbTthZzsnbQg65ao7Ja07KC4IOyeiOyKteuLiOuLpC48YnI+7JWE7J207YWc7J2AIOy1nOuMgCAz6rCc6rmM7KeAIOyjvOyauCDsiJgg7J6I7Iq164uI64ukLjxicj48YnI+7J20IOqzteqwhOyXkOyEnOuKlCDso7zsmrQg7JWE7J207YWc7J2EIOyWtOuUmOqwgOyXkCDrhpPsnLzrqbQg66y07Ja46rCA6rCAIOydvOyWtOuCmOuKlCDqsoMg6rCZ7Iq164uI64ukLg==
dHV0b3JpYWwtcmVtZW1iZXItdGl0bGU=	6KiY5oa244Gu5pat54mH44Gr44Gk44GE44Gm	TWVtb3J5IEZyYWdtZW50cw==	6riw7Ja17J2YIOyhsOqwgQ==
dHV0b3JpYWwtcmVtZW1iZXItdGV4dA==	6YOo5bGL44Gr44Gv44CB6KiY5oa244Gu5pat54mH44KS5YaN55Sf44Gn44GN44KL44K544Od44OD44OI44GM44GC44KK44G+44GZ44CCPGJyPuWGjeeUn+OBmeOCi+OBq+OBr+OAgeiomOaGtuOBq+mWouS/guOBl+OBn+OCouOCpOODhuODoOOCkue9ruOBj+W/heimgeOBjOOBguOCiuOBvuOBmeOAgjxicj48YnI+44G+44Gf44CB6KiY5oa244KS6KaL44KL44Gq44Gp44CB54m55a6a44Gu6KGM5YuV44Gn44CM5oSP6K2Y44CN44KS5raI6LK744GX44G+44GZ44CCPGJyPuOAjOaEj+itmOOAjeOBjOOCvOODreOBq+OBquOCi+OBqOOAgeW8t+OBhOecoOawl+OBq+ilsuOCj+OCjOOAgTHml6XjgYzntYLkuobjgZfjgb7jgZnjgII=	VGhlcmUgYXJlIGNlcnRhaW4gc3BvdHMgaW4gdGhlIHJvb21zIHdoZXJlIHlvdSBjYW4gd2F0Y2ggIm1lbW9yeSBmcmFnbWVudHMuIjxicj5UbyBwbGF5IHRoZW0sIHlvdSBuZWVkIHRvIHB1dCBkb3duIGFuIGl0ZW0gcmVsYXRlZCB0byB0aGF0IG1lbW9yeS48YnI+PGJyPldhdGNoaW5nIHRob3NlIG1lbW9yaWVzLCBhbG9uZyB3aXRoIG90aGVyIGFjdGlvbnMsIGNvbnN1bWVzIHlvdXIgIlZpZ29yLiI8YnI+V2hlbiB5b3VyIFZpZ29yIGRyb3BzIHRvIHplcm8sIHlvdSB3aWxsIGJlY29tZSB0b28gdGlyZWQgdG8gY29udGludWUgZm9yIHRoZSBkYXku	67Cp7JeQ64qUIOq4sOyWteydmCDsobDqsIHsnYQg7J6s7IOd7ZWgIOyImCDsnojripQg7Iqk7Y+/7J20IOyeiOyKteuLiOuLpC48YnI+7J6s7IOd7ZWY66Ck66m0IOq4sOyWteqzvCDqtIDroKjrkJwg7JWE7J207YWc7J2EIOuGk+yVhOyVvCDtlanri4jri6QuPGJyPjxicj7rmJDtlZwg6riw7Ja17J2EIOuztOuKlCDrk7Eg7Yq57KCVIO2WieuPmeydhCDtlZjrqbQg44CM7J2Y7Iud44CN7J2EIOyGjOu5hO2VqeuLiOuLpC48YnI+44CM7J2Y7Iud44CN7J20IDDsnbQg65CY66m0IOqwle2VnCDsobjsnYzsl5Ag7Zyp7Iu47JesIO2VmOujqOqwgCDsooXro4zrkKnri4jri6Qu
dHV0b3JpYWwtcXVlc3QtdGl0bGU=	M+OBpOOBruiomOaGtuOCkuWGjeeUn+OBmeOCiw==	UGxheWluZyBUaHJlZSBNZW1vcnkgRnJhZ21lbnRz	6riw7Ja1IDPqsJwg7J6s7IOd7ZWY6riw
dHV0b3JpYWwtcXVlc3QtdGV4dA==	M+OBpOOBruiomOaGtuOBruaWreeJh+OCkuWGjeeUn+OBmeOCi+OBqOOAgeaOoue0ouaIkOWKn+OBqOOBquOCiuOBvuOBmeOAgjxicj48YnI+5o6i57Si44Gr5oiQ5Yqf44GZ44KL44Go44CB5Ye65Y+j44GM5Ye654++44GX44CB5qyh44Gu6ZqO5bGk44G444Go6YCy44KA44GT44Go44GM44Gn44GN44G+44GZ44CCPGJyPuaEj+itmOOBjOOCvOODreOBq+OBquOCi+OBvuOBp+OBq+OAgeOBp+OBjeOCi+OBoOOBkea3seOBhOmajuWxpOOBq+mAsuOBv+OBvuOBl+OCh+OBhuOAgg==	SWYgeW91IG1hbmFnZSB0byBwbGF5IHRocmVlIG1lbW9yeSBmcmFnbWVudHMsIHRoYXQgZGF5J3MgZXhwbG9yYXRpb24gd2lsbCBjb3VudCBhcyBhIHN1Y2Nlc3MuPGJyPlRyeSBmaW5kaW5nIHRocmVlIGRpZmZlcmVudCBmcmFnbWVudHMgYmVmb3JlIHlvdXIgVmlnb3IgZHJvcHMgdG8gemVyby48YnI+PGJyPk9uIGEgZGF5IGFmdGVyIGEgc3VjY2Vzc2Z1bCBleHBsb3JhdGlvbiwgeW91J2xsIGdldCB0byBrZWVwIHNvbWUgYWN0aXZlIGJvbnVzZXMuPGJyPlNvbWV0aW1lcywgdGhlIHN0b3J5IHdpbGwgb25seSBwcm9ncmVzcyBhZnRlciBhIHN1Y2Nlc3NmdWwgZXhwbG9yYXRpb24u	6riw7Ja17J2YIOyhsOqwgSAz6rCc66W8IOyerOyDne2VmOuptCDtg5Dsg4kg7ISx6rO17J20IOuQqeuLiOuLpC48YnI+PGJyPu2DkOyDieyXkCDshLHqs7XtlZjrqbQg7Lac6rWs6rCAIOuCmO2DgOuCmCDri6TsnYwg7Li17Jy866GcIOynhO2Wie2VoCDsiJgg7J6I7Iq164uI64ukLjxicj7snZjsi53snbQgMOydtCDrkJjquLAg7KCE7JeQIOqwgOuKpe2VnCDtlZwg6rmK7J2AIOy4teq5jOyngCDsp4TtlontlbQg67SF7Iuc64ukLg==
dHV0b3JpYWwtcmVzdWx0LXRpdGxl	MeaXpeOBrue1guOCj+OCiuOBq+OBpOOBhOOBpg==	QSBEYXkncyBFbmQ=	7ZWY66Oo7J2YIOuBnQ==
dHV0b3JpYWwtcmVzdWx0LXRleHQ=	44CM5oSP6K2Y44CN44GM44K844Ot44Gr44Gq44KL44Go44CB5by344GE55yg5rCX44Gr6KWy44KP44KM44CBMeaXpeOBjOe1guS6huOBl+OBvuOBmeOAgjxicj48YnI+57+M5pel44CB5YaN44Gz55uu44KS6Kaa44G+44GX44G+44GZ44GM44CB6YOo5bGL44Gu5qeY5a2Q44Gv5aSJ44KP44Gj44Gm44GE44G+44GZ44CCPGJyPuOBvuOBn+OAgeOBneOBruaXpeaJi+OBq+WFpeOCjOOBn+OCouOCpOODhuODoOOBquOBqeOBr+WkseOCj+OCjOOBvuOBmeOAgjxicj48YnI+6YOo5bGL44KS5o6i57Si44GX44CB44CM6KiY5oa244CN44KS5oCd44GE5Ye644GX44Gm55yf5a6f44KS6Kej44GN5piO44GL44GX44G+44GX44KH44GG44CC	V2hlbiB5b3VyIFZpZ29yIGRyb3BzIHRvIHplcm8sIHRoZSBkYXkgZW5kcy48YnI+PGJyPldoZW4geW91IHdha2UgdXAgdGhlIG5leHQgZGF5LCB0aGUgcm9vbXMgbWF5IGhhdmUgY2hhbmdlZC48YnI+WW91IHdpbGwgYWxzbyBsb3NlIGl0ZW1zIHlvdSBwaWNrZWQgdXAgb24gdGhlIHByZXZpb3VzIGRheS48YnI+PGJyPkxvb2sgYXJvdW5kIHRoZSBwbGFjZSB0byBzZWUgYXMgbWFueSBtZW1vcmllcyBhcyB5b3UgY2FuIGFuZCBmaW5kIG91dCB0aGUgdHJ1dGgu	44CM7J2Y7Iud44CN7J20IDDsnbQg65CY66m0IOqwle2VnCDsobjsnYzsl5Ag7Zyp7Iu47JesIO2VmOujqOqwgCDsooXro4zrkKnri4jri6QuPGJyPjxicj7ri6TsnYwg64KgIOuLpOyLnCDriIjsnYQg65yo7KeA66eMIOuwqeydmCDrqqjsirXsnYAg64us65287KC4IOyeiOyKteuLiOuLpC48YnI+65iQIOq3uOuCoCDtmo3rk53tlZwg7JWE7J207YWcIOuTseydgCDsgqzrnbzsp5Hri4jri6QuPGJyPjxicj7rsKnsnYQg7YOQ7IOJ7ZWY6rOgIOOAjOq4sOyWteOAjeydhCDrlqDsmKzroKQg7KeE7Iuk7J2EIOuwne2YgOuCtOyEuOyalC4=
dHV0b3JpYWwtdG9rZW4tdGl0bGU=	44Kt44O844Ov44O844OJ44Gr44Gk44GE44Gm	S2V5d29yZHM=	7YKk7JuM65Oc
dHV0b3JpYWwtdG9rZW4tdGV4dA==	6KiY5oa244Gu5pat54mH44Gu5Lit44Gr44Gv44CB44CM44Kt44O844Ov44O844OJ44CN44KS5L2/44Gj44Gm5LiA5paH44KS5a6M5oiQ44GV44Gb44KL44GT44Go44Gn6Kqt44G/6YCy44KB44KJ44KM44KL44KC44Gu44GM44GC44KK44G+44GZ44CCPGJyPjxicj7jgq3jg7zjg6/jg7zjg4njga/jgIHnibnlrprjga7oqJjmhrbjga7mlq3niYfjga7kuK3jgaflhaXmiYvjgafjgY3jgb7jgZnjgII8YnI+5b+F6KaB44Gq44Kt44O844Ov44O844OJ44GM5LiN6Laz44GX44Gm44GE44KL5aC05ZCI44Gr44Gv44CB5Yil44Gu6KiY5oa244Gu5pat54mH44KS5YaN55Sf44GX44Gm44Kt44O844Ov44O844OJ44KS5omL44Gr5YWl44KM44G+44GX44KH44GG44CC	SW4gb3JkZXIgdG8gcHJvZ3Jlc3MgdGhyb3VnaCBjZXJ0YWluIG1lbW9yaWVzLCB5b3UnbGwgbmVlZCB0byB1c2UgIktleXdvcmRzIiB0byBmaWxsIGluIGluY29tcGxldGUgc2VudGVuY2VzLjxicj48YnI+WW91J2xsIGZpbmQgS2V5d29yZHMgYnkgd2F0Y2hpbmcgb3RoZXIgbWVtb3J5IGZyYWdtZW50cy48YnI+SWYgeW91IGZpbmQgYSBzZW50ZW5jZSB5b3UgY2FuJ3QgY29tcGxldGUsIHRyeSBsb29raW5nIGF0IG90aGVyIG1lbW9yaWVzIHRvIGdldCBtb3JlIEtleXdvcmRzLg==	6riw7Ja17J2YIOyhsOqwgSDspJHsl5DripQg44CM7YKk7JuM65Oc44CN66W8IOyCrOyaqe2VtCDrrLjsnqXsnYQg7JmE7ISx7ZW07JW8IOqzhOyGjSDsnb3snYQg7IiYIOyeiOuKlCDqsoPsnbQg7J6I7Iq164uI64ukLjxicj48YnI+7YKk7JuM65Oc64qUIO2KueyglSDquLDslrXsnZgg7KGw6rCBIOyViOyXkOyEnCDtmo3rk53tlaAg7IiYIOyeiOyKteuLiOuLpC48YnI+7ZWE7JqU7ZWcIO2CpOybjOuTnOqwgCDrtoDsobHtlZjri6TrqbQg64uk66W4IOq4sOyWteydmCDsobDqsIHsnYQg7J6s7IOd7ZW0IO2CpOybjOuTnOulvCDslrvsnLzshLjsmpQu
dHV0b3JpYWwtcmVwbGF5LXRpdGxl	5YaN55Sf5riI44G/44Gu6KiY5oa244Gu5pat54mH44Gr44Gk44GE44Gm	UmVwbGF5aW5nIE1lbW9yeSBGcmFnbWVudHM=	7J6s7IOd7ZWcIOq4sOyWteydmCDsobDqsIE=
dHV0b3JpYWwtcmVwbGF5LXRleHQ=	6YCa5bi444Go44Gv55Ww44Gq44KL6Imy44Gu44K544Od44OD44OI44Gn44Gv44CB44GZ44Gn44Gr5YaN55Sf5riI44G/44Gu6KiY5oa244Gu5pat54mH44KS44KC44GG5LiA5bqm5YaN55Sf44GZ44KL44GT44Go44GM44Gn44GN44G+44GZ44CCPGJyPuiomOaGtuOBruWGheWuueOBq+WkieWMluOBr+OBguOCiuOBvuOBm+OCk+OBjOOAgeWGjeOBs+ODnOODvOODiuOCueOCkueNsuW+l+OBmeOCi+OBk+OBqOOBjOOBp+OBjeOBvuOBmeOAgjxicj48YnI+54m55a6a44Gu44Ki44Kk44OG44Og44GM6KaL44Gk44GL44KJ44Gq44GE44Go44GN44Gv44CB44Oc44O844OK44K544KS6aC844Gj44Gm44G/44KL44Gu44KC44GE44GE44Gn44GX44KH44GG44CC	U3BvdHMgd2l0aCBhIHBlY3VsaWFyIGNvbG9yIGFsbG93IHlvdSB0byByZXdhdGNoIG1lbW9yeSBmcmFnbWVudHMgeW91J3ZlIGFscmVhZHkgc2Vlbi48YnI+VGhlIG1lbW9yeSBpdHNlbGYgd2lsbCBiZSB0aGUgc2FtZSBhcyB0aGUgbGFzdCB0aW1lIHlvdSB3YXRjaGVkIGl0LCBidXQgeW91IGNhbiB1c2UgaXQgdG8gZ2V0IG1vcmUgYm9udXNlcy48YnI+PGJyPklmIHlvdSdyZSBzdHJ1Z2dsaW5nIHRvIGZpbmQgYSBzcGVjaWZpYyBpdGVtLCB0cnkgcmVseWluZyBvbiB0aG9zZSBib251c2VzLg==	7Y+J7IaM7JmAIOuLpOuluCDsg4nsnZgg7Iqk7Y+/7JeQ7ISc64qUIOydtOuvuCDsnqzsg53tlZwg6riw7Ja17J2YIOyhsOqwgeydhCDri6Tsi5wg7J6s7IOd7ZWgIOyImCDsnojsirXri4jri6QuPGJyPuq4sOyWteydmCDrgrTsmqnsnYAg64us65287KeA7KeAIOyViuyngOunjCDrs7TrhIjsiqTrpbwg64uk7IucIO2ajeuTne2VoCDsiJgg7J6I7Iq164uI64ukLjxicj48YnI+7Yq57KCVIOyVhOydtO2FnOydhCDssL7sp4Ag66q77ZWgIOuVjOuKlCDrs7TrhIjsiqTsl5Ag7J2Y7KeA7ZW0IOuztOuKlCDqsoPrj4Qg7KKL7Iq164uI64ukLg==
dHV0b3JpYWwtYW5vbWFseS10aXRsZQ==	56m66ZaT44Gu5q2q44G/	U3BhY2lhbCBEaXN0b3J0aW9ucw==	6rO16rCE7J2YIOyZnOqzoQ==
dHV0b3JpYWwtYW5vbWFseS10ZXh0	44GT44Gu56m66ZaT44Gu5LiA6YOo44Gr44CB44CM5q2q44G/44CN44GM55m655Sf44GX44Gm44GE44KL6YOo5bGL44GM44GC44KK44G+44GZ44CCPGJyPjxicj7jgIzmrarjgb/jgI3jgYznmbrnlJ/jgZfjgabjgYTjgovpg6jlsYvjgafjga/jgIHoqJjmhrbjga7lho3nlJ/jgYzjgafjgY3jgarjgYTjgarjganpgJrluLjjgajjga/nlbDjgarjgovjgZPjgajjgYzotbfjgY3jgb7jgZnjgII8YnI+PGJyPuOAjOatquOBv+OAjeOCkueZuuimi+OBl+OBn+WgtOWQiOOBr+OAgee0oOaXqeOBj+mAgOWupOOBmeOCi+aWueOBjOizouaYjuOBp+OBmeOAgjxicj7plbfmmYLplpPmu57lnKjjgZnjgovjgajjgIHjgZXjgonjgarjgovohIXlqIHjgYznmbrnlJ/jgZnjgovloLTlkIjjgoLjgYLjgovjgojjgYbjgafjgZnjgII=	U29tZXRpbWVzLCBzcGFjaWFsIGRpc3RvcnRpb25zIG1heSBoYXBwZW4gd2l0aGluIHJvb21zLjxicj48YnI+U3BhY2lhbGx5IGRpc3RvcnRlZCByb29tcyBiZWhhdmUgaW4gc3RyYW5nZSB3YXlzLiBGb3IgZXhhbXBsZSwgeW91IG1heSBiZSB1bmFibGUgdG8gd2F0Y2ggbWVtb3JpZXMgaW5zaWRlIHRoZW0uPGJyPjxicj5JZiB5b3UgZmluZCBhIHNwYWNpYWwgZGlzdG9ydGlvbiwgaXQgd291bGQgYmUgd2lzZSB0byBsZWF2ZSBhcyBzb29uIGFzIHBvc3NpYmxlLCBiZWZvcmUgYW55dGhpbmcgZGFuZ2Vyb3VzIGhhcHBlbnMu	7J20IOqzteqwhOydmCDsnbzrtoAg67Cp7JeQ64qUIOOAjOyZnOqzoeOAjeydtCDrsJzsg53tlanri4jri6QuPGJyPjxicj7jgIzsmZzqs6HjgI3snbQg67Cc7IOd7ZWcIOuwqeyXkOyEnOuKlCDquLDslrXsnYQg7J6s7IOd7ZWgIOyImCDsl4bripQg65OxIO2PieyGjOyZgCDri6Trpbgg7ZiE7IOB7J20IOydvOyWtOuCqeuLiOuLpC48YnI+PGJyPuOAjOyZnOqzoeOAjeydhCDrsJzqsqztlojri6TrqbQg67mg66W06rKMIOuwqeydhCDrgpjqsIDripQg7Y647J20IO2YhOuqhe2VqeuLiOuLpC48YnI+7Jik656r64+Z7JWIIOuouOustOultOuptCDrjZQg7YGwIOychO2YkeydtCDrsJzsg53tlaAg7IiY64+EIOyeiOuKlCDqsoMg6rCZ7Iq164uI64ukLg==
dHV0b3JpYWwtdGlsZS10aXRsZQ==	5Zug5a2Q44Gr44Gk44GE44Gm	RmlnbWVudHM=	7J247J6Q
dHV0b3JpYWwtdGlsZS10ZXh0	44Oc44O844OK44K5562J44Gn5YWl5omL44Gn44GN44KL44CM5Zug5a2Q44CN44Gv44CB5o6i57Si44Gu5omL5Yqp44GR44Go44Gq44KK44G+44GZ44CCPGJyPjxicj7miYnjgpLplovjgZHjgovpmpvjgIHmiYDmjIHjgZfjgabjgYTjgovlm6DlrZDjga7kuK3jgYvjgonkuIDjgaTjgYzmir3pgbjjgZXjgozjgIHlirnmnpzjgYznmbrli5XjgZfjgb7jgZnjgII8YnI+5pyJ5Yq544Gq5Zug5a2Q44KS6ZuG44KB44Gq44GM44KJ44CB5o6i57Si44KS6YCy44KB44G+44GX44KH44GG44CCPGJyPjxicj7igLvmiYDmjIHjgZfjgabjgYTjgovlm6DlrZDjga/jgIHkuIDml6XjgYzntYLjgo/jgaPjgabjgoLmtojjgYjjgovjgZPjgajjga/jgYLjgorjgb7jgZvjgpPjgII=	WW91IGNhbiBnZXQgdXNlZnVsICJGaWdtZW50cyIgdGhyb3VnaCBib251c2VzIGFuZCBvdGhlciBtZWFucy48YnI+PGJyPldoZW5ldmVyIHlvdSBvcGVuIGEgZG9vciwgb25lIG9mIHRoZSBGaWdtZW50cyB5b3UgaGF2ZSBvbiB5b3Ugd2lsbCBiZSBjaG9zZW4gYXQgcmFuZG9tLCBhbmQgaXRzIGVmZmVjdHMgd2lsbCBhY3RpdmF0ZS48YnI+VHJ5IHRvIGZpbmQgdGhlIGJlc3QgRmlnbWVudHMgdG8gYWlkIHlvdXIgZXhwbG9yYXRpb24uPGJyPjxicj5Ob3RlIHRoYXQgeW91IHdvbid0IGxvc2UgeW91ciBGaWdtZW50cyBhdCB0aGUgZW5kIG9mIGVhY2ggZGF5Lg==	67O064SI7IqkIOuTseycvOuhnCDtmo3rk53tlaAg7IiYIOyeiOuKlCDjgIzsnbjsnpDjgI3ripQg7YOQ7IOJ7JeQIOuPhOybgOydtCDrkKnri4jri6QuPGJyPjxicj7rrLjsnYQg7Je0IOuVjCDrs7TsnKAg7KSR7J24IOyduOyekCDqsIDsmrTrjbAg7ZWY64KY6rCAIOustOyekeychOuhnCDshKDtg53rkJjslrQg7Zqo6rO86rCAIOuwnOuPme2VqeuLiOuLpC48YnI+7Jyg7Jqp7ZWcIOyduOyekOulvCDrqqjsnLzrqbAg7YOQ7IOJ7J2EIOynhO2Wie2VmOyEuOyalC48YnI+PGJyPuKAu+uztOycoCDspJHsnbgg7J247J6Q64qUIO2VmOujqOqwgCDrgZ3rgpjrj4Qg7IKs65287KeA7KeAIOyViuyKteuLiOuLpC4=
dHV0b3JpYWwtZW5kbGVzcy10aXRsZQ==	5oCd44GE6L+U44GZ	UmVtaW5pc2Npbmc=	7ZqM7IOB7ZWY6riw
dHV0b3JpYWwtZW5kbGVzcy10ZXh0	44Oh44Kk44Oz44Ko44OU44K944O844OJ44GM5a6M57WQ44GX44G+44GX44Gf44CCPGJyPjxicj7lvbzjgonjga7nianoqp7jga/ntYLjgo/jgorjgb7jgZfjgZ/jgYzjgIHjgYLjga7poIPjgpLjgIzmgJ3jgYTov5TjgZnjgI3jgojjgYbjgavjgIHoqJjmhrbjga7nqbrplpPjgpLmjqLntKLjgZfntprjgZHjgovjgZPjgajjgYzjgafjgY3jgb7jgZnjgII8YnI+44G+44Gg6KaL44Gm44GE44Gq44GE44CM6KiY5oa244Gu5pat54mH44CN44KS6ZuG44KB44Gf44KK44CB44Kt44Oj44Op44Kv44K/44O844Gf44Gh44Go44Gu5Lya6Kmx44KS5qW944GX44KA44GT44Go44GM44Gn44GN44G+44GZ44CC	WW91IGhhdmUgY29tcGxldGVkIHRoZSBnYW1lJ3MgbWFpbiBlcGlzb2RlLjxicj48YnI+VGhlIGNoYXJhY3RlcnMnIHN0b3JpZXMgYXJlIG92ZXIsIGJ1dCB5b3UgY2FuIFJlbWluaXNjZSBhYm91dCB5b3VyIHRpbWUgaW4gdGhhdCBzdHJhbmdlIHBsYWNlIHRvIGV4cGxvcmUgaXQgc29tZSBtb3JlLjxicj5Zb3UgY2FuIGxvb2sgZm9yIG1vcmUgbWVtb3J5IGZyYWdtZW50cyBhbmQgdGFsayB0byB0aGUgb3RoZXJzLg==	66mU7J24IOyXkO2UvOyGjOuTnOulvCDsmYTro4ztlojsirXri4jri6QuPGJyPjxicj7qt7jrk6TsnZgg7J207JW86riw64qUIOuBneuCrOyngOunjCDqt7gg7Iuc7KCI7J2EIOOAjO2ajOyDgeOAje2VmOuTryDquLDslrXsnZgg6rO16rCE7J2EIOqzhOyGjSDtg5Dsg4ntlaAg7IiYIOyeiOyKteuLiOuLpC48YnI+7JWE7KeBIOuztOyngCDrqrvtlZwg44CM6riw7Ja17J2YIOyhsOqwgeOAjeydhCDrqqjsnLzqsbDrgpgg7LqQ66at7YSw65Ok6rO8IOuMgO2ZlOulvCDsppDquLgg7IiYIOyeiOyKteuLiOuLpC4=
Y2hhcmFjdGVyMDAtMDA=	5a6H5a6Z5pyN44Gu5bCR5aWz44CC	QSBnaXJsIGluIGEgc3BhY2VzdWl0Lg==	7Jqw7KO867O17J2EIOyeheydgCDshozrhYAu
Y2hhcmFjdGVyMDAtMDE=	5rGa5p+T44GV44KM44KL5YmN44Gu5Zyw55CD44Gn55Sf44G+44KM44Gf44CC	Qm9ybiBvbiBFYXJ0aCBiZWZvcmUgaXQgYmVjYW1lIGNvbnRhbWluYXRlZC4=	7Jik7Je865CY6riwIOyghOydmCDsp4Dqtazsl5DshJwg7YOc7Ja064Ks64ukLg==
Y2hhcmFjdGVyMDAtMDI=	5LqM5Y2B5q2z44Gr44Gq44Gj44Gf6aCD44CB5a625peP44Go44Go44KC44Gr5Zyw55CD44KS5Ye644KL44CC	TGVmdCBFYXJ0aCB3aXRoIGhlciBmYW1pbHkgYXJvdW5kIHRoZSB0aW1lIHNoZSB0dXJuZWQgdHdlbnR5Lg==	7Iqk66y0IOyCtCDrrLTroLUg6rCA7KGx6rO8IO2VqOq7mCDsp4Dqtazrpbwg65ag64Ks64ukLg==
Y2hhcmFjdGVyMDAtMDM=	5Lq644Gu5oSP6K2Y44KS56C05aOK44GZ44KL57Sw6I+M44KS5YG254S255m66KaL44GZ44KL44CC	U3R1bWJsZWQgdXBvbiBhIGJhY3Rlcml1bSB0aGF0IGNhbiBkZXN0cm95IGh1bWFuIGNvbnNjaW91c25lc3Mu	7IKs656M7J2YIOydmOyLneydhCDtjIzqtLTtlZjripQg7IS46reg7J2EIOyasOyXsO2eiCDrsJzqsqztlZzri6Qu
Y2hhcmFjdGVyMDAtMDQ=	5Zyw55CD44Gn44OQ44Kk44Kq44OG44Ot44KS6LW344GT44GZ44CC	Q2FycmllZCBvdXQgYW4gYWN0IG9mIGJpb3RlcnJvcmlzbSBvbiBFYXJ0aC4=	7KeA6rWs7JeQ7IScIOuwlOydtOyYpO2FjOufrOulvCDsnbzsnLztgqjri6Qu
Y2hhcmFjdGVyMDAtMDU=	55m+5q2z44KS6YGO44GO44CB5pyA5b6M44Gr44KC44GG5LiA5bqm5Zyw55CD44KS6KaL44KL44Gf44KB44CB5rCR6ZaT5a6H5a6Z6Ii544Gr5LmX44KK6L6844KA44CC	UGFzdCB0aGUgYWdlIG9mIGEgaHVuZHJlZCwgc2hlIGJvYXJkcyBhIHByaXZhdGUgc3BhY2VzaGlwIGZvciBvbmUgbGFzdCBsb29rIGF0IEVhcnRoLg==	67CxIOyCtOydhCDrhJjquLQg65KkIOuniOyngOunieycvOuhnCDtlZwg67KIIOuNlCDsp4Dqtazrpbwg67O06riwIOychO2VtCDrr7zqsIQg7Jqw7KO87ISg7JeQIOyYpOuluOuLpC4=
Y2hhcmFjdGVyMDEtMDA=	5L2c5qWt5pyN5ae/44Gu5bCR5aWz44CC	QSBnaXJsIGluIHdvcmsgY2xvdGhlcy4=	7J6R7JeF67O1IOywqOumvOydmCDshozrhYAu
Y2hhcmFjdGVyMDEtMDE=	5q+S44Ks44K544Gr6KaG44KP44KM44Gf5oOR5pif44Gn55Sf44G+44KM44KL44CC	Qm9ybiBvbiBhIHBsYW5ldCBzaHJvdWRlZCBpbiBwb2lzb24gZ2FzLg==	64+F6rCA7Iqk66GcIOuSpOuNruyduCDtlonshLHsl5DshJwg7YOc7Ja064Ks64ukLg==
Y2hhcmFjdGVyMDEtMDI=	5Yqj5oKq44Gq55Kw5aKD44Gn44CB5aSn5Lq644Gu5q2744KC5a2Q5L6b44Gu5q2744KC44Gf44GP44GV44KT6KaL44KL44CC	V2l0bmVzc2VkIHRoZSBkZWF0aHMgb2YgY291bnRsZXNzIGFkdWx0cyBhbmQgY2hpbGRyZW4gaW4gdGhhdCBoYXJzaCBlbnZpcm9ubWVudC4=	7Je07JWF7ZWcIO2ZmOqyveyXkOyEnCDsiJjrp47snYAg7Ja066W46rO8IOyVhOydtOydmCDso73snYzsnYQg66qp6rKp7ZWc64ukLg==
Y2hhcmFjdGVyMDEtMDM=	5Yil44Gu5oOR5pif44GL44KJ44KE44Gj44Gm44GN44Gf5bCR5bm044CB44Kv44K344Oj44OK44Go5Ye65Lya44GG44CC	TWVldHMgYSBib3kgbmFtZWQgS3VzaGFuYSwgd2hvIGNhbWUgZnJvbSBhbm90aGVyIHBsYW5ldC4=	64uk66W4IO2WieyEseyXkOyEnCDsmKgg7IaM64WEIOy/oOyDpOuCmOyZgCDrp4zrgpzri6Qu
Y2hhcmFjdGVyMDEtMDQ=	5aWz5oCn44GX44GL55Sj44G+44KM44Gq44GE5LiA5peP44Gr55aR5ZWP44KS5oqx44GP44CC	QmVnaW5zIHRvIHF1ZXN0aW9uIHRoZSB2YWx1ZXMgb2YgaGVyIHBsYW5ldCwgaW4gd2hpY2ggb25seSB3b21lbiBhcmUgZXZlciBib3JuLg==	7Jes7ISx66eMIO2DnOyWtOuCmOuKlCDsnbzsobHsl5Ag7J2Y66y47J2EIO2SiOuKlOuLpC4=
Y2hhcmFjdGVyMDEtMDU=	5q+N44GL44KJ5YG96YCgSUTjgqvjg7zjg4njgpLlj5fjgZHlj5bjgorjgIHlroflrpnoiLnjgavkuZfjgorovrzjgoDjgII=	UmVjZWl2ZXMgYSBmb3JnZWQgSUQgY2FyZCBmcm9tIGhlciBtb3RoZXIgYW5kIGJvYXJkcyBhIHNwYWNlc2hpcC4=	7Ja066i464uI7JeQ6rKMIOychOyhsCBJRCDsubTrk5zrpbwg67Cb7JWEIOyasOyjvOyEoOyXkCDsmKTrpbjri6Qu
Y2hhcmFjdGVyMDItMDA=	44K544O844OE5ae/44Gu5aWz5oCn44CC	QSB3b21hbiBpbiBhIHN1aXQu	7KCV7J6lIOywqOumvOydmCDsl6zshLEu
Y2hhcmFjdGVyMDItMDE=	6JmQ5b6F44KS5Y+X44GR44Gm6IKy44Gk44GM54us5a2m44Gn5a2m44Gz44CB5oOR5pif44KS566h55CG44GZ44KL57Wx5rK75qmf5qeL44Gr5YWl44KL44CC	R3JldyB1cCBlbmR1cmluZyBhYnVzZSBidXQgZWR1Y2F0ZWQgaGVyc2VsZiwgYW5kIGpvaW5lZCBhbiBpbnRlcnBsYW5ldGFyeSBhZG1pbmlzdHJhdGlvbiBib2R5Lg==	7ZWZ64yA66W8IOuwm+ycvOupsCDsnpDrnpDsp4Drp4wg64+F7ZWZ7Jy866GcIOqzteu2gO2VtCDtlonshLHsnYQg6rSA66as7ZWY64qUIO2Gtey5mCDquLDqtazsl5Ag65Ok7Ja06rCE64ukLg==
Y2hhcmFjdGVyMDItMDI=	5LqM44Gk44Gu44Kv44Op44K544K/44O844GM6KGd56qB44GX44Gm44GE44KL5oOR5pif44Gr552A5Lu744GZ44KL44CC	SXMgcG9zdGVkIHRvIGEgcGxhbmV0IHdoZXJlIHR3byBjbHVzdGVycyBhcmUgbG9ja2VkIGluIGNvbmZsaWN0Lg==	65GQIO2BtOufrOyKpO2EsOqwgCDstqnrj4wg7KSR7J24IO2WieyEseyXkCDrtoDsnoTtlZzri6Qu
Y2hhcmFjdGVyMDItMDM=	5oqA5bir44Gu6Z2S5bm044Kk44O044Kh44Oz44Go5Ye65Lya44GG44CC	TWVldHMgYSB5b3VuZyBlbmdpbmVlciBuYW1lZCBJdmFuLg==	6riw7Iig7J6QIOyyreuFhCDsnbTrsJjqs7wg66eM64Kc64ukLg==
Y2hhcmFjdGVyMDItMDQ=	5oOR5pif44Gn44OQ44Kk44Kq44OG44Ot44GM55m655Sf44GX44CB5L2P5rCR44Gu5aSa44GP44GM5ZG944KS6JC944Go44GZ44CC5LqL5oWL44Gu6LKs5Lu744KS5ZWP44KP44KM44KL44CC	QW4gYWN0IG9mIGJpb3RlcnJvcmlzbSBzdHJpa2VzIHRoZSBwbGFuZXQsIGtpbGxpbmcgbWFueSBvZiBpdHMgcmVzaWRlbnRzLCBhbmQgc2hlIGlzIGhlbGQgcmVzcG9uc2libGUu	7ZaJ7ISx7JeQ7IScIOuwlOydtOyYpO2FjOufrOqwgCDrsJzsg53tlbQg66eO7J2AIOyjvOuvvOydtCDrqqnsiKjsnYQg7J6D6rOgLCDsgqztg5zsnZgg7LGF7J6E7J2EIOy2lOq2geuwm+uKlOuLpC4=
Y2hhcmFjdGVyMDItMDU=	5aaK5aig44GM55m66Kaa44GX44CB5rCR6ZaT44Gu5a6H5a6Z6Ii544Gr5LmX44KK6L6844KA44CC	RGlzY292ZXJzIHNoZSBpcyBwcmVnbmFudCBhbmQgYm9hcmRzIGEgcHJpdmF0ZSBzcGFjZXNoaXAu	7J6E7IugIOyCrOyLpOydhCDslYzqsowg65CY7Ja0IOuvvOqwhCDsmrDso7zshKDsl5Ag7Jik66W464ukLg==
Y2hhcmFjdGVyMDMtMDA=	576p6Laz44Gu55S35oCn44CC	QSBtYW4gd2l0aCBhIHByb3N0aGV0aWMgbGVnLg==	7J2Y7KGx7J2EIO2VnCDrgqjshLEu
Y2hhcmFjdGVyMDMtMDE=	44Kv44Op44K544K/44O85ZCM5aOr44Gu6KGd56qB44GM6LW344GN44Gm44GE44KL5oOR5pif44Gn44CB6Kuc5aCx5ZOh44Go44Gq44KL44CC	QmVjb21lcyBhbiBpbnRlbGxpZ2VuY2Ugb3BlcmF0aXZlIG9uIGEgcGxhbmV0IGNhdWdodCBpbiBjb25mbGljdCBiZXR3ZWVuIHR3byBjbHVzdGVycy4=	7YG065+s7Iqk7YSwIOqwhCDstqnrj4zsnbQg67KM7Ja07KeA64qUIO2WieyEseyXkOyEnCDsoJXrs7Tsm5DsnbQg65Cc64ukLg==
Y2hhcmFjdGVyMDMtMDI=	5r2c5YWl44GX44Gf44Ki44OR44O844OI44Gu6Zqj5a6k44Gr5L2P44KA5bCR5aWz44CB44OB44Kn44K544Kr44Go5Ye65Lya44GG44CC	TWVldHMgYSBnaXJsIG5hbWVkIENoZXNjYSwgd2hvIGxpdmVzIG5leHQgZG9vciB0byB0aGUgYXBhcnRtZW50IGhlIGlzIHVuZGVyY292ZXIgaW4u	7J6g7J6F7ZWcIOyVhO2MjO2KuCDsmIbrsKnsl5Ag7IKs64qUIOyGjOuFgCDssrTsiqTsubTsmYAg66eM64Kc64ukLg==
Y2hhcmFjdGVyMDMtMDM=	5r2c5YWl5Lit44Gu44Ki44OR44O844OI44Gr44Gm44CB5pW15oCn5Yui5Yqb44GL44KJ44Gu5pS75pKD44KS5Y+X44GR44KL44CC	Q29tZXMgdW5kZXIgYXR0YWNrIGZyb20gaG9zdGlsZSBmb3JjZXMgYXQgdGhhdCBhcGFydG1lbnQgZHVyaW5nIGhpcyBtaXNzaW9uLg==	7J6g7J6FIOykkeyduCDslYTtjIztirjsl5DshJwg7KCB64yAIOyEuOugpeydmCDqs7XqsqnsnYQg67Cb64qU64ukLg==
Y2hhcmFjdGVyMDMtMDQ=	5Lqk5oim44Gr5be744GN6L6844G+44KM44CB44OB44Kn44K544Kr44GM5q275Lqh44CC44Km44Kp44Or44K/44O844KC6Laz44KS6LKg5YK344CC	Q2hlc2NhIGRpZXMsIGNhdWdodCBpbiB0aGUgY3Jvc3NmaXJlLCBhbmQgV2FsdGVyIGlzIHdvdW5kZWQgaW4gdGhlIGxlZy4=	6rWQ7KCE7JeQIO2cmOunkOugpCDssrTsiqTsubTqsIAg7IKs66ed7ZWY6rOgIOyblO2EsOuPhCDri6Trpqzrpbwg64uk7Lmc64ukLg==
Y2hhcmFjdGVyMDMtMDU=	5oOR5pif44KS6Zui44KM44Gm6Z2Z44GL44Gr5pqu44KJ44GX44Gm44GE44Gf44GM44CB6Ieq6Lqr44Gu55eF44KS44GN44Gj44GL44GR44Gr5a6H5a6Z6Ii544Gr5LmX44KK6L6844KA44CC	TGVhdmVzIHRoZSBwbGFuZXQgdG8gbGl2ZSBxdWlldGx5LCBidXQgYm9hcmRzIGEgc3BhY2VzaGlwIGFmdGVyIGZpbmRpbmcgb3V0IGFib3V0IGhpcyBpbGxuZXNzLg==	7ZaJ7ISx7J2EIOuWoOuCmCDsobDsmqntnogg7IK06rOgIOyeiOyXiOyngOunjCDsnpDsi6DsnZgg67OR7J2EIOqzhOq4sOuhnCDsmrDso7zshKDsl5Ag7Jik66W464ukLg==
Y2hhcmFjdGVyMDQtMDA=	6KiY5oa244KS5aSx44Gj44Gf6Z2S5bm044CC44GC44Gq44Gf44CC	QSB5b3VuZyBtYW4gd2hvIGhhcyBsb3N0IGhpcyBtZW1vcnkuIFlvdS4=	6riw7Ja17J2EIOyeg+ydgCDssq3rhYQuIOuLueyLoC4=
Y2hhcmFjdGVyMDQtMDE=	5YG96YCgSUTjgqvjg7zjg4njgaflr4boiKrjgZfjgojjgYbjgajjgZfjgZ/jgajjgZPjgo3jgpLjgIHoiLnplbfjgIHjg43jg6rjg4PjgrXjgavmjZXjgonjgYjjgonjgozjgovjgII=	Q2F1Z2h0IGJ5IHRoZSBjYXB0YWluLCBOZXJpc3NhLCB3aGlsZSB0cnlpbmcgdG8gc3RvdyBhd2F5IHVzaW5nIGEgZm9yZ2VkIElEIGNhcmQu	7JyE7KGwIElEIOy5tOuTnOuhnCDrsIDtla3tlZjroKTri6Qg7ISg7J6lIOuEpOumrOyCrOyXkOqyjCDrtpnsnqHtnozri6Qu
Y2hhcmFjdGVyMDQtMDI=	5a6H5a6Z6Ii544Gn5LiL5YON44GN44KS44GZ44KL44GT44Go44Gr44CC	RW5kcyB1cCBkb2luZyBtZW5pYWwgd29yayBhYm9hcmQgdGhlIHNoaXAu	7Jqw7KO87ISg7JeQ7IScIO2XiOuTnOugm+ydvOydhCDtlZjqsowg65Cc64ukLg==
Y2hhcmFjdGVyMDQtMDM=	44GE44GP44Gk44KC44Gu5oOR5pif44KS5beh44KK44CB5LuK44KC5LmX57WE5ZOh44Go44GX44Gm5YON44GE44Gm44GE44KL44CC	SGFzIHRyYXZlbGVkIHRvIG1hbnkgcGxhbmV0cyBhbmQgc3RpbGwgd29ya3MgYXMgYSBjcmV3IG1lbWJlciB0b2RheS4=	7Jes65+sIO2WieyEseydhCDrj4zslYTri6Tri4jrqbAg7KeA6riI64+EIOyKueustOybkOycvOuhnCDsnbztlZjqs6Ag7J6I64ukLg==
Y2hhcmFjdGVyMDQtMDQ=	4pSA4pSA44Go44GE44GG5YG944Gu6KiY5oa244KS5qSN44GI5LuY44GR44KJ44KM44Gf44CB5o2c5p+75a6Y44CC	Li4uIEJ1dCB0aG9zZSBhcmUganVzdCBmYWxzZSBtZW1vcmllcyBpbXBsYW50ZWQgaW4gYW4gaW52ZXN0aWdhdG9yJ3MgbWluZC4=	4pSA4pSA652864qUIOqxsOynkyDquLDslrXsnYQg7KO87J6F67Cb7J2AIOyImOyCrOq0gC4=
Y2hhcmFjdGVyMDQtMDU=	44OG44Ot44Oq44K544OI44Gu5a6555aR44GM44GL44GR44KJ44KM44Gf44Ko44Op44Op44Gu5o2c5p+744Gu44Gf44KB44CB5a6H5a6Z6Ii544Gr5LmX44KK6L6844G/44CB5Ya35YeN552h55yg6KOF572u44Gr57Sw5bel44KS44GX44Gf44CC	Qm9hcmRlZCB0aGUgc2hpcCB0byBpbnZlc3RpZ2F0ZSBFbGFyYSwgc3VzcGVjdGVkIG9mIHRlcnJvcmlzbSwgYW5kIHRhbXBlcmVkIHdpdGggdGhlIGNyeW9zbGVlcCBlcXVpcG1lbnQu	7YWM65+s66as7Iqk7Yq4IO2YkOydmOulvCDrsJvripQg7JeY6528652866W8IOyImOyCrO2VmOq4sCDsnITtlbQg7Jqw7KO87ISg7JeQIOyYrOudvCDrg4nrj5kg7IiY66m0IOyepey5mOyXkCDshpDsnYQg64yU64ukLg==
Y2hhcmFjdGVyMTAtMDA=	PGVsYXJhPuOBruWtpueUn+aZguS7o+OBruWPi+S6uuOAgg==	QSBmcmllbmQgb2YgPGVsYXJhPidzIGZyb20gdGhlaXIgc2Nob29sIGRheXMu	PGVsYXJhPuydmCDtlZnssL0g7Iuc7KCIIOy5nOq1rC4=
Y2hhcmFjdGVyMTAtMDE=	5LiA5peP44Go44KC44Gp44KC5Zyw55CD44KS6Zui44KM44KL44GT44Go44Gr44CCPGVsYXJhPuOBqOOBr+OBneOCjOOBjeOCiuS8muOBo+OBpuOBhOOBquOBhOOAgg==	TGVmdCBFYXJ0aCBhbG9uZyB3aXRoIGEgZmV3IGZhbWlseSBtZW1iZXJzLiBOZXZlciBzYXcgPGVsYXJhPiBhZ2FpbiBhZnRlciB0aGF0Lg==	7J287KGx6rO8IO2VqOq7mCDsp4Dqtazrpbwg65ag64Ks64ukLiA8ZWxhcmE+7JmA64qUIOq3uCDrkqTroZwg66eM64KY7KeAIOuqu+2WiOuLpC4=
Y2hhcmFjdGVyMTEtMDA=	5Zyw55CD44KS5Ye644Gf44GC44Go44GuPGVsYXJhPuOBruWPi+S6uuOAgg==	QSBmcmllbmQgb2YgPGVsYXJhPidzIGZyb20gYWZ0ZXIgbGVhdmluZyBFYXJ0aC4=	7KeA6rWs66W8IOuWoOuCnCDrkqQg7JWM6rKMIOuQnCA8ZWxhcmE+7J2YIOy5nOq1rC4=
Y2hhcmFjdGVyMTEtMDE=	PGVsYXJhPuOBqOWQjOOBmOeglOeptuaJgOOBp+WDjeOBjeOAgeS4gOe3kuOBq+ODhuODreOBruioiOeUu+OCkueri+OBpuOBn+OAgg==	V29ya2VkIGF0IHRoZSBzYW1lIHJlc2VhcmNoIGluc3RpdHV0ZSBhcyA8ZWxhcmE+IGFuZCBoZWxwZWQgcGxhbiB0aGUgdGVycm9yaXN0IGF0dGFjayB0b2dldGhlci4=	PGVsYXJhPuyZgCDqsJnsnYAg7Jew6rWs7IaM7JeQ7IScIOydvO2VmOupsCDtlajqu5gg7YWM65+sIOqzhO2ajeydhCDshLjsm6Dri6Qu
Y2hhcmFjdGVyMTEtMDI=	44OG44Ot5a6f6KGM44GL44KJ54++5Zyo44G+44Gn44CBPGVsYXJhPuOBqOOBqOOCguOBq+ihjOWLleOBl+OBpuOBhOOCi+OAgg==	SGFzIHN0YXllZCBieSA8ZWxhcmE+J3Mgc2lkZSBmcm9tIHRoZSBtb21lbnQgb2YgdGhlIGF0dGFjayB1cCB0byB0aGUgcHJlc2VudC4=	7YWM65+sIOyLpO2WiSDrlYzrtoDthLAg7ZiE7J6s6rmM7KeAIDxlbGFyYT7smYAg7ZWo6ruYIO2WieuPme2VmOqzoCDsnojri6Qu
Y2hhcmFjdGVyMTItMDA=	PHpvZT7jga7mnKvjgaPlrZDjga7lprnjgII=	PHpvZT4ncyB5b3VuZ2VzdCBzaXN0ZXIu	PHpvZT7snZgg66eJ64K0IOyXrOuPmeyDnS4=
Y2hhcmFjdGVyMTItMDE=	5Yqj5oKq44Gq5oOR5pif55Kw5aKD44Gu44Gf44KB44CB5bm844GP44GX44Gm5ZG944KS6JC944Go44GZ44CC	TG9zdCBoZXIgbGlmZSBhdCBhIHlvdW5nIGFnZSBkdWUgdG8gdGhlIHBsYW5ldCdzIGhhcnNoIGVudmlyb25tZW50Lg==	7Je07JWF7ZWcIO2WieyEsSDtmZjqsr0g65WM66y47JeQIOyWtOumsCDrgpjsnbTsl5Ag66qp7Iio7J2EIOyeg+uKlOuLpC4=
Y2hhcmFjdGVyMTMtMDA=	PHpvZT7jgYzlh7rkvJrjgaPjgZ/lsJHlubTjgII=	QSBib3kgPHpvZT4gbWV0Lg==	PHpvZT7qsIAg66eM64KcIOyGjOuFhC4=
Y2hhcmFjdGVyMTMtMDE=	6KOV56aP44Gq5oOR5pif44Gu5Ye66Lqr44Gn44CB6Kaq44Gu5LuV5LqL44Gr44Gk44GE44GmPHpvZT7jga7kvY/jgoDmg5HmmJ/jgavjgoTjgaPjgabjgY3jgZ/jgII=	Q2FtZSBmcm9tIGEgd2VhbHRoeSBwbGFuZXQsIGJyb3VnaHQgYWxvbmcgYnkgaGlzIGZhdGhlciBmb3Igd29yayB0byB0aGUgcGxhbmV0IHdoZXJlIDx6b2U+IGxpdmVkLg==	67aA7Jyg7ZWcIO2WieyEsSDstpzsi6DsnLzroZwg67aA66qo7J2YIOydvOydhCDrlLDrnbwgPHpvZT7qsIAg7IKs64qUIO2WieyEseyXkCDsmZTri6Qu
Y2hhcmFjdGVyMTMtMDI=	6Kaq44Gu5LuV5LqL44GM57WC44KP44KK44CBPHpvZT7jgavpgKPntaHjgZnjgovjgZPjgajjgarjgY/mg5HmmJ/jgpLljrvjgovjgII=	TGVmdCB0aGUgcGxhbmV0IHdpdGhvdXQgY29udGFjdGluZyA8em9lPiBvbmNlIGhpcyBmYXRoZXIncyB3b3JrIHdhcyBmaW5pc2hlZC4=	67aA66qo7J2YIOydvOydtCDrgZ3rgpjsnpAgPHpvZT7sl5Dqsowg7Jew65297ZWY7KeAIOyViuqzoCDtlonshLHsnYQg65ag64Ks64ukLg==
Y2hhcmFjdGVyMTQtMDA=	552A5Lu744GX44Gf5oOR5pif44Gn44CBPGthdHJpbmE+44GM5Ye65Lya44Gj44Gf6Z2S5bm044CC	QSB5b3VuZyBtYW4gPGthdHJpbmE+IG1ldCB3aGlsZSB3b3JraW5nIG9uIGEgbmV3IHBsYW5ldC4=	67aA7J6E7ZWcIO2WieyEseyXkOyEnCA8a2F0cmluYT7qsIAg66eM64KcIOyyreuFhC4=
Y2hhcmFjdGVyMTQtMDE=	55Sw6IiO44GL44KJ6aaW6YO944Gr5Ye644Gm44GN44Gm44CB6Zu75rCX5oqA5bir44KS44GX44Gm44GE44KL44CC	Q2FtZSB0byB0aGUgY2FwaXRhbCBmcm9tIHRoZSBjb3VudHJ5c2lkZSBhbmQgd29ya3MgYXMgYW4gZWxlY3RyaWNpYW4u	7Iuc6rOo7JeQ7IScIOyImOuPhOuhnCDsmKzrnbzsmYAg7KCE6riwIOq4sOyIoOyekOuhnCDsnbztlZjqs6Ag7J6I64ukLg==
Y2hhcmFjdGVyMTQtMDI=	6aaW6YO944Gu44OQ44Kk44Kq44OG44Ot44Gu44GC44Go44CB55Sf5q2744Gv56K66KqN44GV44KM44Gm44GE44Gq44GE44CC	SGlzIGZhdGUgcmVtYWlucyB1bmNvbmZpcm1lZCBhZnRlciB0aGUgYmlvdGVycm9yaXN0IGF0dGFjayBvbiB0aGUgY2FwaXRhbC4=	7IiY64+E7J2YIOuwlOydtOyYpO2FjOufrCDsnbTtm4Qg7IOd7IKs64qUIO2ZleyduOuQmOyngCDslYrslZjri6Qu
Y2hhcmFjdGVyMTUtMDA=	PHdhbHRlcj7jga7lhYPlkIzlg5rjgII=	QSBmb3JtZXIgY29sbGVhZ3VlIG9mIDx3YWx0ZXI+J3Mu	PHdhbHRlcj7snZgg7KCEIOuPmeujjC4=
Y2hhcmFjdGVyMTUtMDE=	PHdhbHRlcj7jgYzoq5zloLHlk6HjgavjgarjgaPjgZ/jgZPjgajjga/nn6XjgonjgarjgYTjgII=	VW5hd2FyZSB0aGF0IDx3YWx0ZXI+IGJlY2FtZSBhbiBpbnRlbGxpZ2VuY2Ugb3BlcmF0aXZlLg==	PHdhbHRlcj7qsIAg7KCV67O07JuQ7J20IOuQnCDsgqzsi6TsnYAg66qo66W464ukLg==
Y2hhcmFjdGVyMTYtMDA=	PHdhbHRlcj7jgYzmvZzlhaXjgZfjgZ/jgqLjg5Hjg7zjg4jjga7pmqPlrqTjgavkvY/jgoDlsJHlpbPjgII=	QSBnaXJsIHdobyBsaXZlcyBuZXh0IGRvb3IgdG8gdGhlIGFwYXJ0bWVudCA8d2FsdGVyPiBpcyB1bmRlcmNvdmVyIGluLg==	PHdhbHRlcj7qsIAg7J6g7J6F7ZWcIOyVhO2MjO2KuCDsmIbrsKnsl5Ag7IKs64qUIOyGjOuFgC4=
Y2hhcmFjdGVyMTYtMDE=	54i26Kaq44Gv44GK44KJ44Ga44CB5q+N44KC5a6244KS56m644GR44GM44Gh44Gn44CB5LiA5Lq644Gn6YGO44GU44GZ44GT44Go44GM5aSa44GE44CC	SGFzIG5vIGZhdGhlciwgYW5kIGhlciBtb3RoZXIgaXMgb2Z0ZW4gYXdheSBmcm9tIGhvbWUsIHNvIHNoZSBzcGVuZHMgbW9zdCBvZiBoZXIgdGltZSBhbG9uZS4=	7JWE67KE7KeA64qUIOyXhuqzoCDslrTrqLjri4jrj4Qg7KeR7J2EIOyekOyjvCDruYTsm4wg7Zi87J6QIOyngOuCtOuKlCDqsr3smrDqsIAg66eO64ukLg==
Y2hhcmFjdGVyMTYtMDI=	PHdhbHRlcj7jgajmlbXlr77li6Llipvjgajjga7kuqTmiKbjgavlt7vjgY3ovrzjgb7jgozjgIHlkb3jgpLokL3jgajjgZnjgII=	TG9zZXMgaGVyIGxpZmUsIGNhdWdodCBpbiB0aGUgY3Jvc3NmaXJlIGJldHdlZW4gPHdhbHRlcj4gYW5kIGhvc3RpbGUgZm9yY2VzLg==	PHdhbHRlcj7smYAg7KCB64yAIOyEuOugpeydmCDqtZDsoITsl5Ag7ZyY66eQ66CkIOuqqeyIqOydhCDsnoPripTri6Qu
Y2hhcmFjdGVyMTctMDA=	PGxpYW0+44GM5a+G6Iiq44GX44KI44GG44Go44GX44Gf5a6H5a6Z6Ii544Gu6Ii56ZW344CC	VGhlIGNhcHRhaW4gb2YgdGhlIHNwYWNlc2hpcCA8bGlhbT4gdHJpZWQgdG8gc3RvdyBhd2F5IG9uLg==	PGxpYW0+7J20IOuwgO2Vre2VmOugpCDtlojrjZgg7Jqw7KO87ISg7J2YIOyEoOyepS4=
Y2hhcmFjdGVyMTctMDE=	44KC44Go44Gv5YWs5Za244Gu6YGL6YCB5Lya56S+44Gr5Yuk44KB44Gm44GE44Gf44GM44CB6YCA6IG344GX5rCR6ZaT44Gu5a6H5a6Z6Ii544KS6YGL5Za244GX44Gm44GE44KL44CC	Rm9ybWVybHkgd29ya2VkIGZvciBhIHN0YXRlLXJ1biBzaGlwcGluZyBjb21wYW55IGJlZm9yZSByZXRpcmluZyB0byBydW4gYSBwcml2YXRlIHNwYWNlc2hpcC4=	7JuQ656YIOqzteyYgSDsmrTshqEg7ZqM7IKs7JeQ7IScIOydvO2WiOyngOunjCDth7Tsp4Eg7ZuEIOuvvOqwhCDsmrDso7zshKDsnYQg7Jq07JiB7ZWY6rOgIOyeiOuLpC4=
Y2hhcmFjdGVyMTctMDI=	4pSA4pSA44Go44GE44GG44Gu44GvPGxpYW0+44Gr5qSN44GI5LuY44GR44KJ44KM44Gf5YG944Gu6KiY5oa244Gn44CB6Ii56ZW344Gv44ON44Oq44OD44K144Go44GE44GG5Lq654mp44Gn44Gv44Gq44GE44CC	Li4uIFRoaXMsIGhvd2V2ZXIsIGlzIGEgZmFsc2UgbWVtb3J5IGltcGxhbnRlZCBpbiA8bGlhbT4ncyBtaW5kLiBOZXJpc3NhIGlzbid0IGFjdHVhbGx5IHRoZSBzaGlwJ3MgY2FwdGFpbi4=	4pSA4pSA652864qUIOqyg+ydgCA8bGlhbT7sl5Dqsowg7KO87J6F65CcIOqxsOynkyDquLDslrXsnbTrqbAsIOyEoOyepeydgCDrhKTrpqzsgqzrnbzripQg7J2466y87J20IOyVhOuLiOuLpC4=
Y2hhcmFjdGVyMTctMDM=	PGxpYW0+44Gu5o2c5p+75a6Y44Go44GX44Gm44Gu5LiK5Y+444GM44ON44Oq44OD44K144Go44GE44GG5ZCN44Gn44GC44KK44CB5YG954mp44Gu6KiY5oa244Gr55m75aC044GZ44KL5b285aWz44Gu44OR44O844K944OK44Oq44OG44Kj44Gu5qC55bm544Gr44Gq44Gj44Gm44GE44KL44CC	TmVyaXNzYSBpcyBpbiBmYWN0IDxsaWFtPidzIHN1cGVyaW9yIGFzIGFuIGludmVzdGlnYXRvci4gVGhlIGNhcHRhaW4gaW4gPGxpYW0+J3MgZmFsc2UgbWVtb3JpZXMgaXMgbW9kZWxlZCBhZnRlciBoZXIu	PGxpYW0+7J2YIOyImOyCrOq0gCDsi5zsoIgg7IOB7IKs6rCAIOuEpOumrOyCrOudvOuKlCDsnbTrpoTsnbTrqbAsIOqxsOynkyDquLDslrXsl5Ag65Ox7J6l7ZWY64qUIOq3uOuFgOydmCDsnbjqsqnsnYQg7J2066Oo64qUIOuwlO2DleydtCDrkJjsl4jri6Qu
PHNhbmE+	44K144OK	U2FuYQ==	7IKs64KY
PG5vcmE+	44OO44O844Op	Tm9yYQ==	64W46528
PGtheWE+	44Kr44Ok	S2F5YQ==	7Lm07JW8
PGt1c2hhbmE+	44Kv44K344Oj44OK	S3VzaGFuYQ==	7L+g7IOk64KY
PGl2YW4+	44Kk44O044Kh44Oz	SXZhbg==	7J2067CY
PGxhcnJ5Pg==	44Op44Oq44O8	TGFycnk=	656Y66as
PGNoZXNjYT4=	44OB44Kn44K544Kr	Q2hlc2Nh	7LK07Iqk7Lm0
PG5lcmlzc2E+	44ON44Oq44OD44K1	TmVyaXNzYQ==	64Sk66as7IKs
