asset_name	path_id	source_sha256	patched_sha256	translated_rows	file
Activity00_00	-4496947312037670123	51398417FF047EA4CC91265E7E4F2912F7CC00C5B804812D2A117EF0DC7BB245	E348C5BE8E2595E36839998C9B5CE0428AF221383FAD01179AAB3E13525045FA	18	Activity00_00__-4496947312037670123.txt
Memory00_00	5742491962506870961	D5190DEFDF2F3EDB927CAC4496AEC4604FEEDE9E5DF67308FEEF9BFAAFA2C298	974B3901B263687C1040ACD67E762B538245D6A95A2074F8878F319BF65334C6	375	Memory00_00__5742491962506870961.txt
Memory01_00	-2063483842202675069	F5358CCB603424EDF0FF03C026A8D6604C44CD4CAA963EA946FF7307FD780A15	CE7F06FC35EB08BB08E3D9FE8B567BDD4F6FBEEA2C6A61340EEDC86422E5D9D0	372	Memory01_00__-2063483842202675069.txt
Memory02_00	485205599610408592	B6578B36F78FE371AB6DD835D7F0F6D26877EAA4E363F4252D2F1931DE48CCE7	740CBF855B0E5FC6FFCBFA5A04D32D88A2FF9617408F406BB9860721902BCE9A	387	Memory02_00__485205599610408592.txt
Memory03_00	1620152860337240270	F153EA8115AF8BAC6EC16CE67AB0AB1E18792D3DD895E65F13748F29E800588D	125A31140D1C966AEF0FB1DEFB83CEC6D2905854E891C7888FEC030DA8953F6E	432	Memory03_00__1620152860337240270.txt
Memory04_00	-4653386823386038896	B6F69067AD8B9EBE37021D28636C14027F6304EAFA5349D40EBBD258236AED58	38E00E550AFEE94182301EAD39D85200A52FE94C4C31FD3A32E7D76AD1969746	410	Memory04_00__-4653386823386038896.txt
Message00_00	-7784440590159240635	C21F691A894A248974CAB0210E02A47F3B16C0F01039D5D3554638C586B23C67	42E1AC73886B1724E3A55977F999DD5EE795FCE7945999C6FCC98426B3BC2304	410	Message00_00__-7784440590159240635.txt
Message01_00	-5126065169363419477	CE9CEFF57BC77396292EF75426F807D562B6C2B6BE8BB750249B58C8EFE1A137	402B3EDB3F8E95F84417E2FA1145612C2D337B2E11E50683FA55CCC132708DFA	52	Message01_00__-5126065169363419477.txt
Scenario00_00	4166539355128215970	9918B8CDE428CFE2D4DB96022DEC6283D87CC12B9A0ACC9A71C3BCF6A9F77D94	27A74A9179FDC1C8BCC95B612416DE0763A016400F29E36068AFD5E86996B6A2	225	Scenario00_00__4166539355128215970.txt
Scenario01_00	857177459798762737	21FD4E472B2A1C6E2E97D5F1030D6C4D10A7FC9767C7798A0C98A3B9EB6CE5AA	29DD30D7DFE83795C9704E1EF020178044AFD519CA7788C59B7913CAAE68D511	211	Scenario01_00__857177459798762737.txt
Scenario02_00	763397889138199840	C6B6246401BB32FFA60C3CCF935BF20F87C13CF0EAD64D1CDAC8D90BEA9EFA27	AC04494CEC5F37B7052AE5E593C7B78002451E74E1AB7222857F988BE8DCAEE7	236	Scenario02_00__763397889138199840.txt
Scenario03_00	7181615632446840621	635EF8A4DDE62D081F38E81ACABB0C050D9CABC1AE29FA15BAE61EDD7D4734A8	69C40977BE36E3475CFE3EF562B1F5A7669A8A22252AA87C0CE23A5F61993B4D	399	Scenario03_00__7181615632446840621.txt
Scenario04_00	-2762234852845807252	35013184EBD26A18C1BE69B64C5F9D861CF9518501AF6A9925AE09FD75CD41FE	E5DB3D51B24EE27B422CF06385208770624EF39EA238E6241605EB01F1B38C59	241	Scenario04_00__-2762234852845807252.txt
Scenario05_00	8476580004031032773	C8662BA7E0F79AE13DA2EC5389D27AECD23C9A15F8391A44B7AA3FADC0F54D7A	94531C4A57890F87D1B6DD936E0B92164DBF5DE1663CCEC90268323DA279EAA3	506	Scenario05_00__8476580004031032773.txt
Scenario06_00	5175126820179763674	28B17617DA7433A35E77286A42BB7F9625D146AB3BAC693AE516D7124730519C	24942364967371F47E9CFFFF1E5678B98D7457FE2FB65DC9C681AEBA9931B9BF	4	Scenario06_00__5175126820179763674.txt
Tag00_00	6735756893528387633	5FF8361047B02B3BFB6078165E4325DA4D7D8D4D1DF59B8CC4090D2787987656	CE8BBBBB56596FE41B6E7CD793449473F84D66EB2B9ACF5A04460769EEE2ACDE	8	Tag00_00__6735756893528387633.txt
Talk00_00	-346117994623998185	FF44835DB638D9E2D652EBB02E5CE6D1848347BE27DEB38B032A42EC9A256316	6CC59A541475F33036E31D924ABFAFCD10FECD6886E4FB760782A0D67F8B4053	29	Talk00_00__-346117994623998185.txt
Talk01_00	-8839538286766376172	192946C9613CAC7AF1EB4FE18640AFA39593B11442723608680C7D7F5260B291	0395BB9C8B9E19E45D7467F35E1B9E64CECB3ED5771AA1E894D277F5C48296D7	22	Talk01_00__-8839538286766376172.txt
Talk02_00	-4751912693084409451	1D04D2488796BA14EDE2F7B604B38C8EA489BD016F24E91798E30EF2483D26C1	44F5E6A1F89733A70C0F3E944F22ACDF8381864905D0EDB011D4D82372683DCE	21	Talk02_00__-4751912693084409451.txt
Talk03_00	-1463981233129051654	D0BA5D0D32DF112AD13BED99AE638F59F3202E97CD8188BCACDED5DE1AC0F5B8	D3B39732B62538D7F679C3FF0B7FB38B2E791FCD55CD7E1FA51C60EEEEE7B1D1	23	Talk03_00__-1463981233129051654.txt
Talk10_00	2072258509209153358	7DF60D95905BD986633071449E99ECDD18DF073DE5B1ED92F9DC5C0080232C18	D99D949BAF7BF95C6A3A96BB911E7EA0D7C24C0B91BA119D403AA7E800D01750	113	Talk10_00__2072258509209153358.txt
