source_base64	translation_base64
44Ko44Op44Op	7JeY65286528
RWxhcmE=	7JeY65286528
44K+44O844Kk	7KGw7J20
Wm9l	7KGw7J20
44Kr44OI44Oq44O844OK	7Lm07Yq466as64KY
S2F0cmluYQ==	7Lm07Yq466as64KY
44Km44Kp44Or44K/44O8	7JuU7YSw
V2FsdGVy	7JuU7YSw
44Oq44Ki44Og	66as7JWU
TGlhbQ==	66as7JWU
44Kv44K344Oj44OK	7L+g7IOk64KY
S3VzaGFuYQ==	7L+g7IOk64KY
44Kk44O044Kh44Oz	7J2067CY
SXZhbg==	7J2067CY
44Op44Oq44O8	656Y66as
TGFycnk=	656Y66as
44OB44Kn44K544Kr	7LK07Iqk7Lm0
Q2hlc2Nh	7LK07Iqk7Lm0
44ON44Oq44OD44K1	64Sk66as7IKs
TmVyaXNzYQ==	64Sk66as7IKs
6KiY5oa244Gu6Y21	6riw7Ja17J2YIOyXtOyHoA==
TWVtb3J5IEtleQ==	6riw7Ja17J2YIOyXtOyHoA==
44OY44Or44Oh44OD44OI	7Zes66mn
SGVsbWV0	7Zes66mn
44OP44O844OJ44Kr44OQ44O844Gu5pys	7JaR7J6l67O4
SGFyZGNvdmVyIEJvb2s=	7JaR7J6l67O4
5qSN54mp44Gu56iu	7Iud66y8IOyUqOyVlw==
5rOo5bCE5Zmo	7KO87IKs6riw
U3lyaW5nZQ==	7KO87IKs6riw
6IWV5pmC6KiI	7IaQ66qp7Iuc6rOE
V3Jpc3R3YXRjaA==	7IaQ66qp7Iuc6rOE
5Lq65b2i	7J247ZiV
RG9sbA==	7J247ZiV
44Kz44O844OS44O8	7Luk7ZS8
Q29mZmVl	7Luk7ZS8
44Ks44K544Oe44K544Kv	67Cp64+F66m0
UmVzcGlyYXRvcg==	67Cp64+F66m0
44Os44Kz44O844OA44O8	64W57J2M6riw
UmVjb3JkZXI=	64W57J2M6riw
5ouz6YqD	6raM7LSd
R3Vu	6raM7LSd
5bCP5Z6L56uv5pyr	7IaM7ZiVIOuLqOunkOq4sA==
VHJhbnNtaXNzaW9uIERldmljZQ==	7IaM7ZiVIOuLqOunkOq4sA==
44K344Oj44OZ44Or	7IK9
U2hvdmVs	7IK9
5bel5YW3566x	6rO16rWs7ZWo
VG9vbGJveA==	6rO16rWs7ZWo
44Kr44Oh44Op	7Lm066mU6528
Q2FtZXJh	7Lm066mU6528
SUTjgqvjg7zjg4k=	SUQg7Lm065Oc
SS5ELiBDYXJk	SUQg7Lm065Oc
44OJ44O844OK44OE	64+E64Sb
RG9udXQ=	64+E64Sb
5riF5o6D44Ot44Oc44OD44OI	7LKt7IaMIOuhnOu0hw==
Q2xlYW5pbmcgUm9ib3Q=	7LKt7IaMIOuhnOu0hw==
6aOf5LqL	7Iud7IKs
Rm9vZA==	7Iud7IKs
6IKJ5L2T	7Jyh7LK0
Qm9kaWVz	7Jyh7LK0
5Zyw55CD	7KeA6rWs
RWFydGg=	7KeA6rWs
6Zui5Yil	7J2067OE
U2VwYXJhdGlvbg==	7J2067OE
5paH5YyW	66y47ZmU
Q3VsdHVyZQ==	66y47ZmU
5aSJ5YyW	67OA7ZmU
Q2hhbmdl	67OA7ZmU
5Y+L6YGU	7Lmc6rWs
RnJpZW5kcw==	7Lmc6rWs
5a2m5qCh	7ZWZ6rWQ
U2Nob29s	7ZWZ6rWQ
57Sw6I+M	7IS46reg
QmFjdGVyaWE=	7IS46reg
44Ov44Kv44OB44Oz	67Cx7Iug
VmFjY2luZXM=	67Cx7Iug
44Kv44Op44K544K/44O8	7YG065+s7Iqk7YSw
Q2x1c3Rlcg==	7YG065+s7Iqk7YSw
5Lqc56m66ZaT	7JWE6rO16rCE
RGltZW5zaW9uYWwgUG9ja2V0	7JWE6rO16rCE
5LiN5ZKM	67aI7ZmU
RGlzY29yZA==	67aI7ZmU
56WW5q+N	7ZWg66i464uI
R3JhbmRtb3RoZXI=	7ZWg66i464uI
6LOH5rqQ	7J6Q7JuQ
UmVzb3VyY2Vz	7J6Q7JuQ
5a+G5bqm	67CA64+E
RGVuc2l0eQ==	67CA64+E
5ZyS6Iq4	7JuQ7JiI
R2FyZGVuaW5n	7JuQ7JiI
6LKs5Lu7	7LGF7J6E
UmVzcG9uc2liaWxpdHk=	7LGF7J6E
5Ya35YeN552h55yg	64OJ64+ZIOyImOuptA==
Q3J5b3NsZWVw	64OJ64+ZIOyImOuptA==
44OG44Ot44Oq44K544OI	7YWM65+s66as7Iqk7Yq4
5buD5Lq6	7Y+Q7J24
RHJvbmVz	7Y+Q7J24
6KGA	7ZS8
Qmxvb2Q=	7ZS8
55eF6Zmi	67OR7JuQ
SG9zcGl0YWw=	67OR7JuQ
5YWJ	67mb
TGlnaHQ=	67mb
5rGa5p+T	7Jik7Je8
UG9sbHV0aW9u	7Jik7Je8
5LuV5LqL	7J28
V29yaw==	7J28
44Kr44Ok	7Lm07JW8
S2F5YQ==	7Lm07JW8
6ICB5py95YyW	64W47ZuE7ZmU
RGV0ZXJpb3JhdGU=	64W47ZuE7ZmU
44OJ44O844Og	64+U
RG9tZQ==	64+U
5q27	7KO97J2M
RGVhdGg=	7KO97J2M
57+76Kiz	67KI7Jet
VHJhbnNsYXRpb24=	67KI7Jet
5pif5bqB	7ISx7LKt
UGxhbmV0YXJ5IFBhbGFjZQ==	7ISx7LKt
5Y+j44Gl44GR	7J6F66ee7Lak
S2lzcw==	7J6F66ee7Lak
5qSN54mp	7Iud66y8
6YGp5b+c5Yem572u	7KCB7J2RIOyymOy5mA==
QWRhcHRhdGlvbiBQcm9jZWR1cmU=	7KCB7J2RIOyymOy5mA==
44Oe44K544Kv	66eI7Iqk7YGs
TWFzaw==	66eI7Iqk7YGs
5auM5oKq	7ZiQ7Jik
SGF0ZQ==	7ZiQ7Jik
5YaZ55yf	7IKs7KeE
UGhvdG9ncmFwaA==	7IKs7KeE
6aGU	7Ja86rW0
RmFjZQ==	7Ja86rW0
56e75rCR	7J2066+87J6Q
SW1taWdyYW50	7J2066+87J6Q
56e75L2P	7J207KO8
TW92ZSBpbg==	7J207KO8
6JGs5YSA	7J6l66GA7Iud
RnVuZXJhbA==	7J6l66GA7Iud
5a+/5ZG9	7IiY66qF
TGlmZSBFeHBlY3RhbmN5	7IiY66qF
6ICz	6reA
RWFycw==	6reA
5omL6KGT	7IiY7Iig
U3VyZ2VyeQ==	7IiY7Iig
5pqH44Gk44G244GX	7Iuc6rCEIOuVjOyasOq4sA==
S2lsbGluZyB0aW1l	7Iuc6rCEIOuVjOyasOq4sA==
5a2Q5L6b	7JWE7J20
QmFieQ==	7JWE7J20
5pWF6YO3	6rOg7Zal
TmF0aXZlIExhbmQ=	6rOg7Zal
5pif	7ZaJ7ISx
UGxhbmV0	7ZaJ7ISx
57Wx5rK75qmf5qeL	7Ya17LmYIOq4sOq1rA==
QWRtaW5pc3RyYXRpb24=	7Ya17LmYIOq4sOq1rA==
57Sb5LqJ	67aE7J+B
U3RyaWZl	67aE7J+B
6KaW57ea	7Iuc7ISg
R2F6ZQ==	7Iuc7ISg
5Zyw55CD5YyW	7YWM65287Y+s67CN
VGVycmFmb3JtaW5n	7YWM65287Y+s67CN
5omL	7IaQ
SGFuZA==	7IaQ
6Iqx55WR	6r2D67Ct
RmllbGRz	6r2D67Ct
55Sw6IiO	7Iuc6rOo
Q291bnRyeXNpZGU=	7Iuc6rOo
5YW15Zmo	67OR6riw
V2VhcG9ucw==	67OR6riw
5paZ55CG	7JqU66as
TWVhbA==	7JqU66as
6KqV55Sf5pel	7IOd7J28
QmlydGhkYXk=	7IOd7J28
5oSb	7IKs656R
TG92ZQ==	7IKs656R
54m55Yil44Gq5aC05omA	7Yq567OE7ZWcIOyepeyGjA==
U3BlY2lhbCBQbGFjZQ==	7Yq567OE7ZWcIOyepeyGjA==
576p55y8	7J2Y7JWI
UHJvc3RoZXRpYyBFeWU=	7J2Y7JWI
6Zu76LuK	7KCE7LKg
VHJhaW4=	7KCE7LKg
44OG44Ot	7YWM65+s
5a6H5a6Z5riv	7Jqw7KO87ZWt
U3BhY2UgUG9ydA==	7Jqw7KO87ZWt
6aaW6YO9	7IiY64+E
Q2FwaXRhbA==	7IiY64+E
44OB44Kx44OD44OI	7Yuw7LyT
VGlja2V0	7Yuw7LyT
5aaK5aig	7J6E7Iug
UHJlZ25hbnQ=	7J6E7Iug
54i26Kaq	7JWE67KE7KeA
RmF0aGVy	7JWE67KE7KeA
57WC552A54K5	7KKF7LCp7KCQ
TGFzdCBTdG9w	7KKF7LCp7KCQ
6YGL6LOD	7Jq07J6E
RmFyZQ==	7Jq07J6E
5q2m5Yqb6KGd56qB	66y066ClIOy2qeuPjA==
QXJtZWQgQ29uZmxpY3Q=	66y066ClIOy2qeuPjA==
5Lu75YuZ	7J6E66y0
TWlzc2lvbg==	7J6E66y0
6Kuc5aCx5ZOh	7KCV67O07JuQ
U3B5	7KCV67O07JuQ
5q+N6Kaq	7Ja066i464uI
TW90aGVy	7Ja066i464uI
6YWN5YG26ICF	67Cw7Jqw7J6Q
U3BvdXNl	67Cw7Jqw7J6Q
56yR6aGU	66+47IaM
U21pbGU=	66+47IaM
5YuJ5by3	6rO167aA
U3R1ZHlpbmc=	6rO167aA
5pyq5p2l	66+4656Y
RnV0dXJl	66+4656Y
5a+G5ZGK	67CA6rOg
UmVwb3J0	67CA6rOg
5a6J5a+n	7JWI64WV
VHJhbnF1aWxpdHk=	7JWI64WV
6Ymi5qSN44GI	7ZmU67aE
UG90dGluZw==	7ZmU67aE
6YGK5ZyS5Zyw	64aA7J206rO17JuQ
VGhlbWUgUGFyaw==	64aA7J206rO17JuQ
44OB44Oj44Kk44Og	7LSI7J247KKF
RG9vcmJlbGw=	7LSI7J247KKF
5pqX5Y+3	7JWU7Zi4
RW5jcnlwdGVk	7JWU7Zi4
5bGI6L6x	6rW07JqV
SHVtaWxpYXRpb24=	6rW07JqV
6Zuo	67mE
UmFpbg==	67mE
5bC+6KGM	66+47ZaJ
VGFpbGluZw==	66+47ZaJ
54KO	67aI6ri4
RmlyZQ==	67aI6ri4
55m656Cy	67Cc7Y+s
R3Vuc2hvdA==	67Cc7Y+s
5oKq5aSi	7JWF66q9
TmlnaHRtYXJl	7JWF66q9
5ZG9	66qp7Iio
TGlmZQ==	66qp7Iio
572w	67KM
UHVuaXNobWVudA==	67KM
6Y21	7Je07Ieg
S2V5	7Je07Ieg
5rK755mC	7LmY66OM
VGhlcmFweQ==	7LmY66OM
5YG954mp	6rCA7Kec
Q291bnRlcmZlaXQ=	6rCA7Kec
5a6H5a6Z6Ii5	7Jqw7KO87ISg
U3BhY2VzaGlw	7Jqw7KO87ISg
5pWF6Zqc	6rOg7J6l
RmFpbHVyZQ==	6rOg7J6l
5oaC44GE	6re87Ius
U2FkbmVzcw==	6re87Ius
5pat57W2	64uo7KCI
R2Fw	64uo7KCI
5a6H5a6Z	7Jqw7KO8
U3BhY2U=	7Jqw7KO8
6ICB5amG	64W47YyM
T2xkIFdvbWFu	64W47YyM
44Kz44OD44Kv44OU44OD44OI	7KGw7KKF7ISd
Q29ja3BpdA==	7KGw7KKF7ISd
55uu55qE5Zyw	66qp7KCB7KeA
RGVzdGluYXRpb24=	66qp7KCB7KeA
5rSX5r+v	7IS47YOB
TGF1bmRyeQ==	7IS47YOB
57SE5p2f	7JW97IaN
UHJvbWlzZQ==	7JW97IaN
55eF	67OR
SWxsbmVzcw==	67OR
56eB5oOF	7IKs7KCB7J24IOqwkOyglQ==
UGVyc29uYWwgTWF0dGVycw==	7IKs7KCB7J24IOqwkOyglQ==
5LmX44KK5ZCI44GE44OQ44K5	7ZWp7Iq5IOuyhOyKpA==
U2hhcmVkIEJ1cw==	7ZWp7Iq5IOuyhOyKpA==
6Z2Z5q2i6KGb5pif	7KCV7KeAIOychOyEsQ==
U2F0ZWxsaXRl	7KCV7KeAIOychOyEsQ==
5YWJ44Gu6YCf44GV	67mb7J2YIOyGjeuPhA==
U3BlZWQgb2YgTGlnaHQ=	67mb7J2YIOyGjeuPhA==
5a6J5YWo6KOF572u	7JWI7KCE7J6l7LmY
U2FmZXR5IE1lY2hhbmlzbQ==	7JWI7KCE7J6l7LmY
5aSi	6r+I
RHJlYW0=	6r+I
56iu5peP	7KKF7KGx
UmFjZQ==	7KKF7KGx
6KiY5oa2	6riw7Ja1
TWVtb3J5	6riw7Ja1
5LqL5pWF	7IKs6rOg
QWNjaWRlbnQ=	7IKs6rOg
56uL44Gh5YWl44KK56aB5q2i	7Lac7J6FIOq4iOyngA==
Rm9yYmlkZGVu	7Lac7J6FIOq4iOyngA==
5LiW6L+36KiA	7Zeb7IaM66as
Tm9uc2Vuc2U=	7Zeb7IaM66as
5YG944Gu6KiY5oa2	6rCA7KecIOq4sOyWtQ==
RmFrZSBNZW1vcmllcw==	6rCA7KecIOq4sOyWtQ==
5o2c5p+75a6Y	7IiY7IKs6rSA
SW52ZXN0aWdhdG9y	7IiY7IKs6rSA
6ISz	64eM
QnJhaW4=	64eM
5omA5oyB5Lit44Gu44G/5oSP6K2Y44KSIHswfQ==	67O07JygIOykkeyXkOunjCDsnZjsi50gezB9
ezB9IHRvIFZpZ29yIHdoZW4gaW4geW91ciBwb3NzZXNzaW9u	67O07JygIOykkeyXkOunjCDsnZjsi50gezB9
ezB9IOOBruaJieOCkumWi+OBkeOCi+OCs+OCueODiOOCkiB7MX0=	ezB9IOusuOydhCDsl6zripQg67mE7JqpIHsxfQ==
ezF9IGNvc3QgdG8gb3BlbiB7MH0gZG9vcnM=	ezB9IOusuOydhCDsl6zripQg67mE7JqpIHsxfQ==
6KiY5oa25YaN55Sf44Gu44Kz44K544OI44KSIHswfQ==	6riw7Ja1IOyerOyDnSDruYTsmqkgezB9
ezB9IGNvc3QgdG8gcGxheSBtZW1vcmllcw==	6riw7Ja1IOyerOyDnSDruYTsmqkgezB9
ezB9IOOBq+ODr+ODvOODl++8iOWtmOWcqOOBl+OBquOBhOWgtOWQiOOBr+WKueaenOOBquOBl++8iQ==	ezB9KOycvCnroZwg7JuM7ZSEICjsobTsnqztlZjsp4Ag7JWK7Jy866m0IO2aqOqzvCDsl4bsnYwp
V2FycCB0byB7MH0gKG9ubHkgaGFzIGVmZmVjdCBpZiBpdCBleGlzdHMp	ezB9KOycvCnroZwg7JuM7ZSEICjsobTsnqztlZjsp4Ag7JWK7Jy866m0IO2aqOqzvCDsl4bsnYwp
44Ki44Kk44OG44Og5omA5oyB5p6gIHswfQ==	7JWE7J207YWcIOyGjOyngCDsubggezB9
Q2FuIGhvbGQgezB9IGl0ZW1z	7JWE7J207YWcIOyGjOyngCDsubggezB9
ezB9IOOBruWHuuePvueOhyB7MX0=	ezB9IOy2nO2YhOycqCB7MX0=
ezF9IGNoYW5jZSBvZiB7MH0gYXBwZWFyaW5n	ezB9IOy2nO2YhOycqCB7MX0=
